group,method,fold,n_train,n_train_after,ir_before,ir_after,n_val,pos_pct_val,roc_auc,pr_auc,f1_minority,balanced_accuracy,check_fold_val_nguyên_vẹn,check_classifier_chỉ_thấy_fold_train,check_tỉ_lệ_lớp_giữ_nguyên
Baseline,Logistic Regression (không can thiệp),1,6400,6400,17.823529411764707,17.823529411764707,1600,5.25,0.7922948862922478,0.2671506092332124,0.0898876404494382,0.5234797085060937,True,True,True
Baseline,Logistic Regression (không can thiệp),2,6400,6400,17.87905604719764,17.87905604719764,1600,5.3125,0.7611182294700057,0.2876718539760036,0.10989010989010989,0.529081731702582,True,True,True
Baseline,Logistic Regression (không can thiệp),3,6400,6400,17.87905604719764,17.87905604719764,1600,5.3125,0.7577557755775579,0.3008265463154258,0.0,0.4993399339933993,True,True,True
Baseline,Logistic Regression (không can thiệp),4,6400,6400,17.87905604719764,17.87905604719764,1600,5.3125,0.7224383614832071,0.25416123022675985,0.1111111111111111,0.5294117647058824,True,True,True
Baseline,Logistic Regression (không can thiệp),5,6400,6400,17.87905604719764,17.87905604719764,1600,5.3125,0.7475441661813239,0.28285401759154605,0.1111111111111111,0.5294117647058824,True,True,True
Baseline,XGBoost (mặc định),1,6400,6400,17.823529411764707,17.823529411764707,1600,5.25,0.9259564643799472,0.6656477629680796,0.5128205128205128,0.6775819826611383,True,True,True
Baseline,XGBoost (mặc định),2,6400,6400,17.87905604719764,17.87905604719764,1600,5.3125,0.9410211609396234,0.6645694254242187,0.49572649572649574,0.6695981362842167,True,True,True
Baseline,XGBoost (mặc định),3,6400,6400,17.87905604719764,17.87905604719764,1600,5.3125,0.8987614055523199,0.6147152624905544,0.5042016806722689,0.6751504562220928,True,True,True
Baseline,XGBoost (mặc định),4,6400,6400,17.87905604719764,17.87905604719764,1600,5.3125,0.9355542613084837,0.6904552157753586,0.5210084033613446,0.6813628421665696,True,True,True
Baseline,XGBoost (mặc định),5,6400,6400,17.87905604719764,17.87905604719764,1600,5.3125,0.9318811881188119,0.6590439831856286,0.46956521739130436,0.6578334304018637,True,True,True
Non-E Mode,SMOTE + Logistic Regression,1,6400,9090,17.823529411764707,2.0,1600,5.25,0.7949098504837291,0.16506399509606742,0.25071225071225073,0.6883559492398543,True,True,True
Non-E Mode,SMOTE + Logistic Regression,2,6400,9091,17.87905604719764,2.0003300330033005,1600,5.3125,0.7728907008347894,0.19371611842527808,0.24624624624624625,0.672859638905067,True,True,True
Non-E Mode,SMOTE + Logistic Regression,3,6400,9091,17.87905604719764,2.0003300330033005,1600,5.3125,0.7643020772665502,0.1787842379080291,0.2608695652173913,0.6937487866433703,True,True,True
Non-E Mode,SMOTE + Logistic Regression,4,6400,9091,17.87905604719764,2.0003300330033005,1600,5.3125,0.7574296253154726,0.17187614723587058,0.22492401215805471,0.6493302271403611,True,True,True
Non-E Mode,SMOTE + Logistic Regression,5,6400,9091,17.87905604719764,2.0003300330033005,1600,5.3125,0.7809668025626092,0.22120073538609739,0.24584717607973422,0.6585711512327703,True,True,True
Non-E Mode,SMOTE + XGBoost,1,6400,9090,17.823529411764707,2.0,1600,5.25,0.9204045734388743,0.6354477729176538,0.5698924731182796,0.7993152406081165,True,True,True
Non-E Mode,SMOTE + XGBoost,2,6400,9091,17.87905604719764,2.0003300330033005,1600,5.3125,0.926227916909338,0.5943242612576771,0.5142857142857142,0.7498543972044263,True,True,True
Non-E Mode,SMOTE + XGBoost,3,6400,9091,17.87905604719764,2.0003300330033005,1600,5.3125,0.8994991263832266,0.5703835110999194,0.4827586206896552,0.7315472723742963,True,True,True
Non-E Mode,SMOTE + XGBoost,4,6400,9091,17.87905604719764,2.0003300330033005,1600,5.3125,0.9161094933022714,0.6360530178492086,0.5423728813559322,0.7678314890312561,True,True,True
Non-E Mode,SMOTE + XGBoost,5,6400,9091,17.87905604719764,2.0003300330033005,1600,5.3125,0.9068996311395845,0.5456149705223472,0.49142857142857144,0.7374296253154727,True,True,True
Non-E Mode,RandomUnderSampler + Logistic Regression,1,6400,1020,17.823529411764707,2.0,1600,5.25,0.7884627465762031,0.14139537457366053,0.22727272727272727,0.66289734891318,True,True,True
Non-E Mode,RandomUnderSampler + Logistic Regression,2,6400,1017,17.87905604719764,2.0,1600,5.3125,0.7819996117258785,0.19770340599792546,0.2529411764705882,0.6829741797709182,True,True,True
Non-E Mode,RandomUnderSampler + Logistic Regression,3,6400,1017,17.87905604719764,2.0,1600,5.3125,0.7609473888565326,0.18535625173922982,0.2724458204334365,0.6947971267715007,True,True,True
Non-E Mode,RandomUnderSampler + Logistic Regression,4,6400,1017,17.87905604719764,2.0,1600,5.3125,0.7462085032032615,0.17684524563416976,0.21016949152542372,0.6232770335857115,True,True,True
Non-E Mode,RandomUnderSampler + Logistic Regression,5,6400,1017,17.87905604719764,2.0,1600,5.3125,0.7831256066783149,0.2064208187504021,0.23411371237458195,0.6468064453504174,True,True,True
Non-E Mode,SMOTE + Tomek Links + Logistic Regression,1,6400,12120,17.823529411764707,1.0,1600,5.25,0.7905751350672195,0.14628816455545524,0.215929203539823,0.7245728106546048,True,True,True
Non-E Mode,SMOTE + Tomek Links + Logistic Regression,2,6400,12122,17.87905604719764,1.0,1600,5.3125,0.7741176470588236,0.17191892892275812,0.19898819561551434,0.6988740050475636,True,True,True
Non-E Mode,SMOTE + Tomek Links + Logistic Regression,3,6400,12122,17.87905604719764,1.0,1600,5.3125,0.7642632498543973,0.15691554315000475,0.20654044750430292,0.7090467870316444,True,True,True
Non-E Mode,SMOTE + Tomek Links + Logistic Regression,4,6400,12120,17.87905604719764,1.0,1600,5.3125,0.7612424771888955,0.1425287230337398,0.18803418803418803,0.676664725296059,True,True,True
Non-E Mode,SMOTE + Tomek Links + Logistic Regression,5,6400,12122,17.87905604719764,1.0,1600,5.3125,0.7927625703746844,0.18674795215330087,0.20783645655877342,0.7132789749563191,True,True,True
Non-E Mode,Logistic Regression (class_weight='balanced'),1,6400,6400,17.823529411764707,17.823529411764707,1600,5.25,0.7912269129287598,0.14522617728736903,0.20854700854700856,0.7179765045860033,True,True,True
Non-E Mode,Logistic Regression (class_weight='balanced'),2,6400,6400,17.87905604719764,17.87905604719764,1600,5.3125,0.7717258784702,0.16095827936386914,0.19504132231404958,0.6949136090079596,True,True,True
Non-E Mode,Logistic Regression (class_weight='balanced'),3,6400,6400,17.87905604719764,17.87905604719764,1600,5.3125,0.7666084255484372,0.1613765446751733,0.2033898305084746,0.7060764900019414,True,True,True
Non-E Mode,Logistic Regression (class_weight='balanced'),4,6400,6400,17.87905604719764,17.87905604719764,1600,5.3125,0.7599145796932634,0.1479396984264351,0.1858108108108108,0.6743544942729567,True,True,True
Non-E Mode,Logistic Regression (class_weight='balanced'),5,6400,6400,17.87905604719764,17.87905604719764,1600,5.3125,0.795193166375461,0.18152157913837805,0.20735785953177258,0.7158609978644923,True,True,True
Non-E Mode,XGBoost (scale_pos_weight động),1,6400,6400,17.823529411764707,17.823529411764707,1600,5.25,0.9223127905515768,0.641648251842893,0.6060606060606061,0.7873947732127151,True,True,True
Non-E Mode,XGBoost (scale_pos_weight động),2,6400,6400,17.87905604719764,17.87905604719764,1600,5.3125,0.9315705688215881,0.6123157843267519,0.5897435897435898,0.7623374102116094,True,True,True
Non-E Mode,XGBoost (scale_pos_weight động),3,6400,6400,17.87905604719764,17.87905604719764,1600,5.3125,0.900819258396428,0.6021946316092514,0.5641025641025641,0.7499126383226558,True,True,True
Non-E Mode,XGBoost (scale_pos_weight động),4,6400,6400,17.87905604719764,17.87905604719764,1600,5.3125,0.9273383808969132,0.6655251506555843,0.567741935483871,0.7502426713259561,True,True,True
Non-E Mode,XGBoost (scale_pos_weight động),5,6400,6400,17.87905604719764,17.87905604719764,1600,5.3125,0.927361677344205,0.6285727593609639,0.6025641025641025,0.7685497961560862,True,True,True
E-Mode,BalancedRandomForestClassifier,1,6400,6400,17.823529411764707,17.823529411764707,1600,5.25,0.9166705930393265,0.4958242342503494,0.44366197183098594,0.8298153034300791,True,True,True
E-Mode,BalancedRandomForestClassifier,2,6400,6400,17.87905604719764,17.87905604719764,1600,5.3125,0.9213317802368473,0.5146796902967757,0.43686006825938567,0.8289458357600465,True,True,True
E-Mode,BalancedRandomForestClassifier,3,6400,6400,17.87905604719764,17.87905604719764,1600,5.3125,0.908378955542613,0.5291014367186168,0.4548736462093863,0.828013977868375,True,True,True
E-Mode,BalancedRandomForestClassifier,4,6400,6400,17.87905604719764,17.87905604719764,1600,5.3125,0.9112832459716559,0.5247589734106628,0.42214532871972316,0.8116288099398175,True,True,True
E-Mode,BalancedRandomForestClassifier,5,6400,6400,17.87905604719764,17.87905604719764,1600,5.3125,0.9275558144049698,0.5461558908277399,0.41935483870967744,0.8295476606484178,True,True,True
E-Mode,EasyEnsembleClassifier,1,6400,6400,17.823529411764707,17.823529411764707,1600,5.25,0.8198972860912175,0.25249591872961896,0.23008849557522124,0.749701595677849,True,True,True
E-Mode,EasyEnsembleClassifier,2,6400,6400,17.87905604719764,17.87905604719764,1600,5.3125,0.8194137060764901,0.2560269941170652,0.21875,0.7293341098815764,True,True,True
E-Mode,EasyEnsembleClassifier,3,6400,6400,17.87905604719764,17.87905604719764,1600,5.3125,0.8218132401475442,0.2583347999066131,0.2340036563071298,0.7451174529217628,True,True,True
E-Mode,EasyEnsembleClassifier,4,6400,6400,17.87905604719764,17.87905604719764,1600,5.3125,0.7747466511357018,0.19958754469413847,0.2260536398467433,0.722306348281887,True,True,True
E-Mode,EasyEnsembleClassifier,5,6400,6400,17.87905604719764,17.87905604719764,1600,5.3125,0.8214948553678897,0.21052900012092043,0.22530329289428075,0.7414288487672296,True,True,True
E-Mode,RUSBoostClassifier,1,6400,6400,17.823529411764707,17.823529411764707,1600,5.25,0.7497133747958287,0.13204471027893358,0.19014084507042253,0.603656238220882,True,True,True
E-Mode,RUSBoostClassifier,2,6400,6400,17.87905604719764,17.87905604719764,1600,5.3125,0.7290778489613667,0.21279987597243846,0.20817843866171004,0.6132207338380897,True,True,True
E-Mode,RUSBoostClassifier,3,6400,6400,17.87905604719764,17.87905604719764,1600,5.3125,0.7908173170258201,0.1877892721540895,0.22123893805309736,0.6894971850126189,True,True,True
E-Mode,RUSBoostClassifier,4,6400,6400,17.87905604719764,17.87905604719764,1600,5.3125,0.7980353329450592,0.2233424999029971,0.2603550295857988,0.6089497185012619,True,True,True
E-Mode,RUSBoostClassifier,5,6400,6400,17.87905604719764,17.87905604719764,1600,5.3125,0.7128052805280528,0.12937345425939634,0.16022099447513813,0.5887400504756358,True,True,True
