group,method,kind,roc_auc,pr_auc,f1_minority,balanced_accuracy,precision,recall,train_time_s,n_train_before,n_train_after,ir_before,ir_after,tp,fp,fn,tn,leakage_ok,note
Baseline,Logistic Regression (không can thiệp),baseline,0.7442718814130024,0.28331587842835804,0.12280701754385964,0.532754876372258,0.875,0.0660377358490566,0.029408900009002537,8000,8000,17.867924528301888,17.867924528301888,7,1,99,1893,True,mốc so sánh tuyến tính
Baseline,XGBoost (mặc định),baseline,0.921021697117013,0.6739581968398441,0.5935483870967742,0.7161891574186607,0.9387755102040817,0.4339622641509434,0.7505270999972709,8000,8000,17.867924528301888,17.867924528301888,46,3,60,1891,True,"mốc so sánh boosting, không chỉnh gì cho mất cân bằng"
Non-E Mode,SMOTE + Logistic Regression,data-level,0.7717120599310633,0.1791409945475234,0.22009569377990432,0.6467593791715647,0.14743589743589744,0.4339622641509434,0.030100000003585592,8000,11364,17.867924528301888,2.0,46,266,60,1628,True,oversample thiểu số lên 50% đa số
Non-E Mode,SMOTE + XGBoost,data-level,0.8962712438484988,0.6235043295450848,0.5535714285714286,0.7776693032615409,0.5254237288135594,0.5849056603773585,0.782360700002755,8000,11364,17.867924528301888,2.0,62,56,44,1838,True,oversample + boosting
Non-E Mode,RandomUnderSampler + Logistic Regression,data-level,0.7741975653005518,0.1700928091473455,0.225130890052356,0.641320157000259,0.15579710144927536,0.4056603773584906,0.008746399995288812,8000,1272,17.867924528301888,2.0,43,233,63,1661,True,undersample đa số còn 2× thiểu số
Non-E Mode,SMOTE + Tomek Links + Logistic Regression,data-level,0.7735749437150087,0.14826117335096922,0.20689655172413793,0.7174493435078002,0.12037037037037036,0.7358490566037735,0.2676017000048887,8000,15152,17.867924528301888,1.0,78,570,28,1324,True,oversample rồi dọn cặp mẫu nhiễu (combine)
Non-E Mode,Logistic Regression (class_weight='balanced'),cost-sensitive,0.7742025462732363,0.1480117798061286,0.20159151193633953,0.7074873981391085,0.11728395061728394,0.7169811320754716,0.013980000003357418,8000,8000,17.867924528301888,17.867924528301888,76,572,30,1322,True,đổi trọng số trong hàm mất mát
Non-E Mode,XGBoost (scale_pos_weight động),cost-sensitive,0.9164342212747305,0.657881460980902,0.5754716981132075,0.7758562292044391,0.5754716981132075,0.5754716981132075,0.5997707999922568,8000,8000,17.867924528301888,17.867924528301888,61,45,45,1849,True,trọng số = n_âm/n_dương tính trong fit
E-Mode,BalancedRandomForestClassifier,ensemble-bagging,0.9205509951983422,0.5441238746903512,0.4502923976608187,0.8212328903588293,0.326271186440678,0.7264150943396226,1.047745899995789,8000,8000,17.867924528301888,17.867924528301888,77,159,29,1735,True,bagging + cân bằng mỗi cây
E-Mode,EasyEnsembleClassifier,ensemble-bagging,0.8182642306389593,0.22884406599369503,0.22969187675070027,0.7479328963359966,0.13486842105263158,0.7735849056603774,1.854682799996226,8000,8000,17.867924528301888,17.867924528301888,82,526,24,1368,True,nhiều balanced AdaBoost trên tập đa số khác nhau
E-Mode,RUSBoostClassifier,ensemble-boosting,0.8189416429240302,0.2464777318644017,0.3113207547169811,0.6363889940427566,0.3113207547169811,0.3113207547169811,1.3500487999990582,8000,8000,17.867924528301888,17.867924528301888,33,73,73,1821,True,boosting + random undersampling mỗi vòng (imblearn; nếu lỗi do sklearn 1.6 bỏ SAMME.R thì tự dùng bản nội bộ tương đương) [backend: RUSBoostInternal (dự phòng — sklearn 1.6 bỏ SAMME.R)]
