run_id,model,params,seed,status,cv_average_precision,cv_ap_std,cv_auroc,n_folds,seconds
logistic-42-000,logistic,"{""C"": 1.246878665907565, ""class_weight"": ""balanced"", ""max_iter"": 1000}",42,ok,0.907637762056506,0.08913831056858924,0.8846023949896951,4,0.0464804999937769
logistic-42-001,logistic,"{""C"": 2.718890264522168, ""class_weight"": null, ""max_iter"": 2000}",42,ok,0.8948191792727163,0.10860835805218061,0.8736887428165552,4,0.041981999995186925
logistic-42-002,logistic,"{""C"": 0.0023807258718953534, ""class_weight"": ""balanced"", ""max_iter"": 2000}",42,ok,0.9637931522020999,0.008802977920309433,0.9198374885688521,4,0.030236999999033287
logistic-42-003,logistic,"{""C"": 1.1080485964481517, ""class_weight"": ""balanced"", ""max_iter"": 2000}",42,ok,0.9088883388819247,0.0876941291749471,0.886118445936486,4,0.0412437999912072
logistic-42-004,logistic,"{""C"": 0.0032542771043305063, ""class_weight"": ""balanced"", ""max_iter"": 1000}",42,ok,0.9635033700659987,0.00836675248444605,0.9188456403284269,4,0.03095670000766404
logistic-42-005,logistic,"{""C"": 0.030422303660192943, ""class_weight"": null, ""max_iter"": 2000}",42,ok,0.9657261878451039,0.012424730175342779,0.920052539547999,4,0.030678699986310676
logistic-42-006,logistic,"{""C"": 0.3762361141943259, ""class_weight"": null, ""max_iter"": 2000}",42,ok,0.9284427680482832,0.057894451108276804,0.8943235312813789,4,0.03636259998893365
logistic-42-007,logistic,"{""C"": 0.05938227000013045, ""class_weight"": null, ""max_iter"": 1000}",42,ok,0.9590857278693192,0.01331406963054218,0.9116136282492342,4,0.03307070001028478
logistic-42-008,logistic,"{""C"": 0.16532523475753858, ""class_weight"": ""balanced"", ""max_iter"": 1000}",42,ok,0.9502494347977969,0.021345865730688047,0.9129240114551175,4,0.034255400008987635
logistic-42-009,logistic,"{""C"": 2.044206137953301, ""class_weight"": null, ""max_iter"": 2000}",42,ok,0.900069094130189,0.09969737845105882,0.8788423012891026,4,0.04165919998195022
logistic-42-010,logistic,"{""C"": 1.0773354740351788, ""class_weight"": ""balanced"", ""max_iter"": 1000}",42,ok,0.9092157198343056,0.08707606483603134,0.8863488606830299,4,0.04120459998375736
logistic-42-011,logistic,"{""C"": 7.634702129562378, ""class_weight"": null, ""max_iter"": 2000}",42,ok,0.8806889756049154,0.13443048059696205,0.8553121202653595,4,0.05719259998295456
logistic-42-012,logistic,"{""C"": 1.2987752032221334, ""class_weight"": ""balanced"", ""max_iter"": 1000}",42,ok,0.9073558071692881,0.08967269824645502,0.8841415654966075,4,0.04418460000306368
logistic-42-013,logistic,"{""C"": 0.07360105081983725, ""class_weight"": null, ""max_iter"": 1000}",42,ok,0.9587446507995205,0.013960770957117154,0.9128614246650978,4,0.03211480000754818
logistic-42-014,logistic,"{""C"": 0.00414150288540581, ""class_weight"": ""balanced"", ""max_iter"": 2000}",42,ok,0.9638719863391692,0.007674260111440757,0.9188911838291751,4,0.029835499997716397
logistic-42-015,logistic,"{""C"": 0.95290284510031, ""class_weight"": null, ""max_iter"": 2000}",42,ok,0.9124574111107087,0.0881380806700233,0.8858359466112244,4,0.040171700005885214
logistic-42-016,logistic,"{""C"": 0.02010487755939853, ""class_weight"": ""balanced"", ""max_iter"": 1000}",42,ok,0.9668076170121581,0.008909163900948,0.9232472273777506,4,0.02991050001583062
logistic-42-017,logistic,"{""C"": 0.07554804756926677, ""class_weight"": ""balanced"", ""max_iter"": 1000}",42,ok,0.9610690129184387,0.01134624537670283,0.9185818413945955,4,0.03303559997584671
logistic-42-018,logistic,"{""C"": 0.003308918125895613, ""class_weight"": ""balanced"", ""max_iter"": 1000}",42,ok,0.9635033700659987,0.00836675248444605,0.9188456403284269,4,0.029743700026301667
logistic-42-019,logistic,"{""C"": 0.008084206458302158, ""class_weight"": ""balanced"", ""max_iter"": 2000}",42,ok,0.9643664021694809,0.006949015669093771,0.9192675792736784,4,0.03128450000076555
logistic-42-020,logistic,"{""C"": 0.05605413762686772, ""class_weight"": null, ""max_iter"": 2000}",42,ok,0.9597363773030907,0.013180645765808633,0.9122870427763352,4,0.02960100001655519
logistic-42-021,logistic,"{""C"": 0.6324998225557302, ""class_weight"": null, ""max_iter"": 1000}",42,ok,0.9172625088214543,0.07851207611803267,0.88729640689352,4,0.0421644999878481
logistic-42-022,logistic,"{""C"": 2.1332374807314576, ""class_weight"": null, ""max_iter"": 2000}",42,ok,0.8997859747179497,0.09987637612931365,0.8782144302627496,4,0.04566930001601577
logistic-42-023,logistic,"{""C"": 0.035474273997484596, ""class_weight"": ""balanced"", ""max_iter"": 1000}",42,ok,0.9668948290859732,0.009470843904227914,0.923956301329912,4,0.02978050001547672
logistic-42-024,logistic,"{""C"": 0.5370095583865401, ""class_weight"": ""balanced"", ""max_iter"": 1000}",42,ok,0.9189821339465893,0.0728060601656125,0.8909659889261408,4,0.038749100000131875
logistic-42-025,logistic,"{""C"": 0.006304241040507313, ""class_weight"": ""balanced"", ""max_iter"": 1000}",42,ok,0.9639192982121834,0.007426547572585315,0.9189246628949123,4,0.032305800006724894
logistic-42-026,logistic,"{""C"": 1.4050685404271759, ""class_weight"": ""balanced"", ""max_iter"": 2000}",42,ok,0.9038202010021028,0.09062920287327118,0.8834681509695064,4,0.04904569999780506
logistic-42-027,logistic,"{""C"": 0.6617005787654167, ""class_weight"": null, ""max_iter"": 2000}",42,ok,0.9173204601676873,0.07920914678915007,0.8878907988541359,4,0.04654770001070574
logistic-42-028,logistic,"{""C"": 0.06849566747840921, ""class_weight"": ""balanced"", ""max_iter"": 2000}",42,ok,0.9615541170185373,0.010600071121182728,0.9176078228667006,4,0.035002199991140515
logistic-42-029,logistic,"{""C"": 0.003623998360341537, ""class_weight"": null, ""max_iter"": 1000}",42,ok,0.9630441056746133,0.009258818985833984,0.9165374859397629,4,0.03866520000156015
logistic-42-030,logistic,"{""C"": 0.4716413210743394, ""class_weight"": ""balanced"", ""max_iter"": 1000}",42,ok,0.9232015301300527,0.06691565125585357,0.8925945415051542,4,0.0712035000033211
logistic-42-031,logistic,"{""C"": 0.18236623241944325, ""class_weight"": null, ""max_iter"": 2000}",42,ok,0.9458730002519804,0.02544427171257613,0.90538904130494,4,0.03299230002448894
logistic-42-032,logistic,"{""C"": 0.34583845312164885, ""class_weight"": ""balanced"", ""max_iter"": 2000}",42,ok,0.9303871581312173,0.05181624124541902,0.8960617763748693,4,0.03595379999023862
logistic-42-033,logistic,"{""C"": 0.17251570726102333, ""class_weight"": ""balanced"", ""max_iter"": 1000}",42,ok,0.9486729570020495,0.023411177916894236,0.911311108229311,4,0.03361939999740571
logistic-42-034,logistic,"{""C"": 0.0013282240456496195, ""class_weight"": null, ""max_iter"": 1000}",42,ok,0.9628507709643577,0.01021086592947949,0.9184925979534952,4,0.027948800008744
logistic-42-035,logistic,"{""C"": 0.007216700653613982, ""class_weight"": null, ""max_iter"": 1000}",42,ok,0.9628818738134289,0.008736430014651124,0.9149748407287713,4,0.02886920000310056
logistic-42-036,logistic,"{""C"": 2.591864498494624, ""class_weight"": null, ""max_iter"": 1000}",42,ok,0.8951144362644019,0.10832000445900772,0.8743465079904494,4,0.04867859999649227
logistic-42-037,logistic,"{""C"": 0.0017108461891527731, ""class_weight"": ""balanced"", ""max_iter"": 1000}",42,ok,0.963387522068002,0.009549570203283626,0.919571414397248,4,0.04255660000490025
logistic-42-038,logistic,"{""C"": 0.01494084055423008, ""class_weight"": null, ""max_iter"": 2000}",42,ok,0.9646079979818688,0.009358624448787729,0.9180171804934614,4,0.04234859999269247
logistic-42-039,logistic,"{""C"": 0.16909416028190524, ""class_weight"": ""balanced"", ""max_iter"": 2000}",42,ok,0.9493316493327367,0.022517603514634953,0.9120023524689423,4,0.0477252000127919
random_forest-42-000,random_forest,"{""max_depth"": 3, ""min_samples_leaf"": 4, ""n_estimators"": 500, ""max_features"": ""log2""}",42,ok,0.9845195438351171,0.009363390489744442,0.9647437183913872,4,3.193263900000602
random_forest-42-001,random_forest,"{""max_depth"": 6, ""min_samples_leaf"": 5, ""n_estimators"": 200, ""max_features"": 0.5}",42,ok,0.9382346817387708,0.06244079466069197,0.9301070737350894,4,1.6068239999876823
random_forest-42-002,random_forest,"{""max_depth"": 4, ""min_samples_leaf"": 1, ""n_estimators"": 500, ""max_features"": 0.5}",42,ok,0.9635945379671744,0.03916920384397218,0.9524847323522438,4,4.266238000011072
random_forest-42-003,random_forest,"{""max_depth"": 8, ""min_samples_leaf"": 4, ""n_estimators"": 500, ""max_features"": 0.5}",42,ok,0.9448423418921059,0.059125805618903335,0.936302564752009,4,3.9763630000234116
random_forest-42-004,random_forest,"{""max_depth"": 6, ""min_samples_leaf"": 1, ""n_estimators"": 800, ""max_features"": ""log2""}",42,ok,0.9847501208608178,0.009472325713679997,0.9662595104212074,4,5.324607200018363
random_forest-42-005,random_forest,"{""max_depth"": 6, ""min_samples_leaf"": 2, ""n_estimators"": 200, ""max_features"": 0.5}",42,ok,0.9453209045305507,0.059170820974802536,0.9350810775654906,4,1.6549700000032317
random_forest-42-006,random_forest,"{""max_depth"": 8, ""min_samples_leaf"": 4, ""n_estimators"": 300, ""max_features"": 0.5}",42,ok,0.9494799919253148,0.0535487113706182,0.9396747344904027,4,2.4714308000111487
random_forest-42-007,random_forest,"{""max_depth"": 6, ""min_samples_leaf"": 3, ""n_estimators"": 300, ""max_features"": ""sqrt""}",42,ok,0.9771029387962872,0.015843239374179165,0.9563425786673957,4,2.1085201999812853
random_forest-42-008,random_forest,"{""max_depth"": 3, ""min_samples_leaf"": 3, ""n_estimators"": 800, ""max_features"": ""sqrt""}",42,ok,0.9840151614424086,0.00930625202527915,0.9639364824797869,4,5.107048899983056
random_forest-42-009,random_forest,"{""max_depth"": null, ""min_samples_leaf"": 5, ""n_estimators"": 300, ""max_features"": ""log2""}",42,ok,0.9791634940274806,0.01372051276826691,0.9599949949129944,4,1.8088188999972772
random_forest-42-011,random_forest,"{""max_depth"": 3, ""min_samples_leaf"": 5, ""n_estimators"": 300, ""max_features"": 0.5}",42,ok,0.9460369997240207,0.060861466184715565,0.9391113268569895,4,2.410005799989449
random_forest-42-012,random_forest,"{""max_depth"": 8, ""min_samples_leaf"": 4, ""n_estimators"": 800, ""max_features"": ""sqrt""}",42,ok,0.9837542863812645,0.010062375368780052,0.9645621731468166,4,5.242214099998819
random_forest-42-013,random_forest,"{""max_depth"": 4, ""min_samples_leaf"": 3, ""n_estimators"": 300, ""max_features"": ""sqrt""}",42,ok,0.9817260712180074,0.011414034861023544,0.9600925089929564,4,1.9092755000165198
random_forest-42-014,random_forest,"{""max_depth"": 6, ""min_samples_leaf"": 1, ""n_estimators"": 500, ""max_features"": 0.5}",42,ok,0.9654936201001991,0.033228495079099044,0.9527028407432988,4,4.741236799978651
random_forest-42-015,random_forest,"{""max_depth"": null, ""min_samples_leaf"": 4, ""n_estimators"": 300, ""max_features"": 0.5}",42,ok,0.9494799919253148,0.0535487113706182,0.9396747344904027,4,2.4137220999982674
random_forest-42-016,random_forest,"{""max_depth"": 6, ""min_samples_leaf"": 2, ""n_estimators"": 800, ""max_features"": ""log2""}",42,ok,0.9855306446217781,0.008590632867141087,0.9667886077261925,4,5.262736800010316
random_forest-42-018,random_forest,"{""max_depth"": 6, ""min_samples_leaf"": 1, ""n_estimators"": 500, ""max_features"": ""log2""}",42,ok,0.983334160558641,0.01131990209314996,0.9649873432148438,4,3.0373787000135053
random_forest-42-019,random_forest,"{""max_depth"": 4, ""min_samples_leaf"": 2, ""n_estimators"": 500, ""max_features"": 0.5}",42,ok,0.9502184208988215,0.05943465518071872,0.9415944854122544,4,4.413217299996177
random_forest-42-020,random_forest,"{""max_depth"": null, ""min_samples_leaf"": 3, ""n_estimators"": 200, ""max_features"": 0.5}",42,ok,0.9459285050647717,0.059003816272362446,0.9387437647247217,4,1.6076687999884598
random_forest-42-021,random_forest,"{""max_depth"": 8, ""min_samples_leaf"": 4, ""n_estimators"": 200, ""max_features"": ""sqrt""}",42,ok,0.9812728390073772,0.011048999991792572,0.9598922303144315,4,1.3657430000021122
random_forest-42-022,random_forest,"{""max_depth"": 8, ""min_samples_leaf"": 5, ""n_estimators"": 300, ""max_features"": 0.5}",42,ok,0.9451232741399005,0.058808907288822106,0.9366059224083079,4,2.528048399981344
random_forest-42-023,random_forest,"{""max_depth"": null, ""min_samples_leaf"": 2, ""n_estimators"": 800, ""max_features"": ""sqrt""}",42,ok,0.9837571072042226,0.010197658940882662,0.9635524951938614,4,5.1451731999986805
random_forest-42-024,random_forest,"{""max_depth"": 4, ""min_samples_leaf"": 4, ""n_estimators"": 500, ""max_features"": ""sqrt""}",42,ok,0.9820133585364227,0.012149024085432536,0.9616483381629762,4,3.538958699995419
random_forest-42-025,random_forest,"{""max_depth"": null, ""min_samples_leaf"": 1, ""n_estimators"": 800, ""max_features"": ""sqrt""}",42,ok,0.9819755229572583,0.012146173404561277,0.9614456372046505,4,5.169122699997388
random_forest-42-026,random_forest,"{""max_depth"": 8, ""min_samples_leaf"": 4, ""n_estimators"": 800, ""max_features"": ""log2""}",42,ok,0.9851122583571098,0.00976043089823886,0.9669748835308608,4,4.9032464000047185
random_forest-42-027,random_forest,"{""max_depth"": 6, ""min_samples_leaf"": 4, ""n_estimators"": 300, ""max_features"": 0.5}",42,ok,0.9494799919253148,0.0535487113706182,0.9396747344904027,4,2.5927664000191726
random_forest-42-028,random_forest,"{""max_depth"": 6, ""min_samples_leaf"": 3, ""n_estimators"": 500, ""max_features"": ""log2""}",42,ok,0.9851691030442675,0.007977528858386667,0.9681579021745734,4,3.1049074000038672
random_forest-42-029,random_forest,"{""max_depth"": 3, ""min_samples_leaf"": 1, ""n_estimators"": 200, ""max_features"": ""sqrt""}",42,ok,0.9776535173847589,0.016892486075075732,0.9585334092839515,4,1.2445415999973193
random_forest-42-030,random_forest,"{""max_depth"": 6, ""min_samples_leaf"": 4, ""n_estimators"": 500, ""max_features"": ""log2""}",42,ok,0.9831575120100554,0.009529811658954423,0.9644137371265319,4,3.364740700024413
random_forest-42-034,random_forest,"{""max_depth"": 8, ""min_samples_leaf"": 1, ""n_estimators"": 300, ""max_features"": ""log2""}",42,ok,0.9779141635633483,0.020228126897894706,0.956413711059279,4,2.0405406999925617
random_forest-42-035,random_forest,"{""max_depth"": null, ""min_samples_leaf"": 2, ""n_estimators"": 300, ""max_features"": ""log2""}",42,ok,0.9807408907695614,0.011181789160923198,0.961037910011209,4,1.8305124999897089
random_forest-42-036,random_forest,"{""max_depth"": null, ""min_samples_leaf"": 5, ""n_estimators"": 200, ""max_features"": ""sqrt""}",42,ok,0.9798514982929661,0.012753862090277453,0.9580231039501845,4,1.3246739000023808
random_forest-42-039,random_forest,"{""max_depth"": 3, ""min_samples_leaf"": 3, ""n_estimators"": 500, ""max_features"": 0.5}",42,ok,0.9471869627638015,0.05830060168013402,0.9398829033435295,4,4.190229100000579
hist_gradient_boosting-42-000,hist_gradient_boosting,"{""learning_rate"": 0.10161083833347873, ""max_depth"": 4, ""max_iter"": 300, ""l2_regularization"": 2.718890264522168}",42,ok,0.9091831709567153,0.09787230019159986,0.8861213105164718,4,0.7185569999855943
hist_gradient_boosting-42-001,hist_gradient_boosting,"{""learning_rate"": 0.08077867473876753, ""max_depth"": 2, ""max_iter"": 200, ""l2_regularization"": 7.988944545350396}",42,ok,0.92983061973124,0.07541624857765221,0.9237287779440124,4,0.3707048000069335
hist_gradient_boosting-42-002,hist_gradient_boosting,"{""learning_rate"": 0.09778350115178162, ""max_depth"": 4, ""max_iter"": 600, ""l2_regularization"": 0.0032542771043305063}",42,ok,0.9316125881329178,0.06522523144005272,0.9130383887397984,4,1.242744200018933
hist_gradient_boosting-42-003,hist_gradient_boosting,"{""learning_rate"": 0.03854478387075254, ""max_depth"": 4, ""max_iter"": 300, ""l2_regularization"": 5.094011902587738}",42,ok,0.9188992908320149,0.08489724105496893,0.914374937319841,4,0.71482379999361
hist_gradient_boosting-42-004,hist_gradient_boosting,"{""learning_rate"": 0.06881574792704269, ""max_depth"": 3, ""max_iter"": 600, ""l2_regularization"": 0.05938227000013045}",42,ok,0.9509985637163306,0.06614267558942086,0.9150517331985887,4,1.5351440999947954
hist_gradient_boosting-42-005,hist_gradient_boosting,"{""learning_rate"": 0.019753515305207584, ""max_depth"": 2, ""max_iter"": 400, ""l2_regularization"": 0.0017999855738190494}",42,ok,0.9292428174237128,0.071516839496516,0.9122849008827594,4,0.7689983999880496
hist_gradient_boosting-42-006,hist_gradient_boosting,"{""learning_rate"": 0.11933641310374857, ""max_depth"": 3, ""max_iter"": 400, ""l2_regularization"": 1.0773354740351788}",42,ok,0.9329829488915408,0.07586817086142297,0.8992562895432914,4,0.9468763000040781
hist_gradient_boosting-42-007,hist_gradient_boosting,"{""learning_rate"": 0.028923371697163337, ""max_depth"": 2, ""max_iter"": 600, ""l2_regularization"": 3.7366677629315164}",42,ok,0.9327718451345084,0.07442875548584568,0.9316570248021862,4,1.064855600008741
hist_gradient_boosting-42-008,hist_gradient_boosting,"{""learning_rate"": 0.10296752593978178, ""max_depth"": 5, ""max_iter"": 200, ""l2_regularization"": 0.07360105081983725}",42,ok,0.9251799376320463,0.07623088685826981,0.9019335746616176,4,0.5734806999971624
hist_gradient_boosting-42-009,hist_gradient_boosting,"{""learning_rate"": 0.011402235673299998, ""max_depth"": 4, ""max_iter"": 200, ""l2_regularization"": 0.5397539297668067}",42,ok,0.8973859781325133,0.11120462730492342,0.8717182074358816,4,0.5140712999855168
hist_gradient_boosting-42-010,hist_gradient_boosting,"{""learning_rate"": 0.09310176289179103, ""max_depth"": 3, ""max_iter"": 600, ""l2_regularization"": 0.02010487755939853}",42,ok,0.9547343287864059,0.04830274308095746,0.92579629989836,4,1.3128733999910764
hist_gradient_boosting-42-011,hist_gradient_boosting,"{""learning_rate"": 0.030337458114902578, ""max_depth"": 2, ""max_iter"": 300, ""l2_regularization"": 0.00572644951569379}",42,ok,0.9330725663008241,0.06574678159778104,0.9137427865318215,4,0.5414610999869183
hist_gradient_boosting-42-012,hist_gradient_boosting,"{""learning_rate"": 0.01475814508543141, ""max_depth"": 4, ""max_iter"": 300, ""l2_regularization"": 0.008084206458302158}",42,ok,0.9038789920710099,0.10091226361224417,0.885373032699544,4,0.7774904000107199
hist_gradient_boosting-42-013,hist_gradient_boosting,"{""learning_rate"": 0.07437861696478101, ""max_depth"": 5, ""max_iter"": 300, ""l2_regularization"": 2.141473893047778}",42,ok,0.9079714048984093,0.09706352738702093,0.8913822383512678,4,0.7024738000181969
hist_gradient_boosting-42-014,hist_gradient_boosting,"{""learning_rate"": 0.08148279218387891, ""max_depth"": 2, ""max_iter"": 300, ""l2_regularization"": 2.1332374807314576}",42,ok,0.9466450911665125,0.05334514411518571,0.946337770963347,4,0.5054887000005692
hist_gradient_boosting-42-015,hist_gradient_boosting,"{""learning_rate"": 0.11143524405197441, ""max_depth"": 5, ""max_iter"": 300, ""l2_regularization"": 0.014233523270429193}",42,ok,0.9265260992422382,0.07569925991365212,0.9000725388516796,4,0.7851350999844726
hist_gradient_boosting-42-016,hist_gradient_boosting,"{""learning_rate"": 0.07725865132793107, ""max_depth"": 4, ""max_iter"": 200, ""l2_regularization"": 0.006304241040507313}",42,ok,0.9126957974516625,0.08662732953414488,0.8851128058247195,4,0.6085081000055652
hist_gradient_boosting-42-017,hist_gradient_boosting,"{""learning_rate"": 0.010223004072014583, ""max_depth"": 5, ""max_iter"": 600, ""l2_regularization"": 0.45646073619608407}",42,ok,0.9026912375143479,0.10695609985431,0.874708587244166,4,2.1193882999941707
hist_gradient_boosting-42-018,hist_gradient_boosting,"{""learning_rate"": 0.08268777568576934, ""max_depth"": 3, ""max_iter"": 600, ""l2_regularization"": 0.06849566747840921}",42,ok,0.9580405271184316,0.0626046937468574,0.9250696360295845,4,1.5293642999895383
hist_gradient_boosting-42-019,hist_gradient_boosting,"{""learning_rate"": 0.05494767940940439, ""max_depth"": 2, ""max_iter"": 200, ""l2_regularization"": 0.0028715758625046375}",42,ok,0.9361881753925287,0.062291062464078506,0.9201443939635184,4,0.4918961999937892
hist_gradient_boosting-42-020,hist_gradient_boosting,"{""learning_rate"": 0.07406487641041667, ""max_depth"": 4, ""max_iter"": 300, ""l2_regularization"": 0.18236623241944325}",42,ok,0.9325191942672691,0.07602034374582793,0.9067393551993037,4,0.8514131999982055
hist_gradient_boosting-42-021,hist_gradient_boosting,"{""learning_rate"": 0.09892053582477313, ""max_depth"": 4, ""max_iter"": 400, ""l2_regularization"": 0.16380139747479305}",42,ok,0.9354148758416556,0.09131442629041386,0.8984472771068055,4,1.3395626000128686
hist_gradient_boosting-42-022,hist_gradient_boosting,"{""learning_rate"": 0.053400495878730136, ""max_depth"": 5, ""max_iter"": 300, ""l2_regularization"": 0.0013282240456496195}",42,ok,0.911806770246617,0.08736294518769439,0.8988325452797532,4,0.869269599992549
hist_gradient_boosting-42-023,hist_gradient_boosting,"{""learning_rate"": 0.03699835567127078, ""max_depth"": 5, ""max_iter"": 200, ""l2_regularization"": 0.043064020633992874}",42,ok,0.8955290648400758,0.11205718639886958,0.8728449107159463,4,0.5217490999784786
hist_gradient_boosting-42-024,hist_gradient_boosting,"{""learning_rate"": 0.1289148645723342, ""max_depth"": 2, ""max_iter"": 200, ""l2_regularization"": 0.0017108461891527731}",42,ok,0.9648090717396978,0.031362254598152756,0.9499483585601097,4,0.37986409998848103
hist_gradient_boosting-42-025,hist_gradient_boosting,"{""learning_rate"": 0.023232122222483925, ""max_depth"": 5, ""max_iter"": 300, ""l2_regularization"": 0.4442895095455176}",42,ok,0.9091216333563479,0.09818109448171186,0.88259494691624,4,0.684648800001014
hist_gradient_boosting-42-026,hist_gradient_boosting,"{""learning_rate"": 0.05305368307688463, ""max_depth"": 4, ""max_iter"": 600, ""l2_regularization"": 0.45420735376478544}",42,ok,0.9148210615204806,0.10866611555014781,0.8850024781781355,4,1.516704200010281
hist_gradient_boosting-42-027,hist_gradient_boosting,"{""learning_rate"": 0.033784811221915456, ""max_depth"": 3, ""max_iter"": 600, ""l2_regularization"": 0.004654699829785963}",42,ok,0.9419471630366378,0.05397188980606552,0.925580762953696,4,1.3147635999775957
hist_gradient_boosting-42-028,hist_gradient_boosting,"{""learning_rate"": 0.010704073644785914, ""max_depth"": 2, ""max_iter"": 200, ""l2_regularization"": 0.7752421947388953}",42,ok,0.8949681251998614,0.11198670882107442,0.8592869249839297,4,0.4015382000070531
hist_gradient_boosting-42-029,hist_gradient_boosting,"{""learning_rate"": 0.03989478517867443, ""max_depth"": 4, ""max_iter"": 200, ""l2_regularization"": 0.10096691816860132}",42,ok,0.9006603082393392,0.10354462429512941,0.8729237563847213,4,0.7021321000065655
hist_gradient_boosting-42-030,hist_gradient_boosting,"{""learning_rate"": 0.015782020905575633, ""max_depth"": 3, ""max_iter"": 400, ""l2_regularization"": 0.06090109513886989}",42,ok,0.9276661957278358,0.07671044799935678,0.9086821714803552,4,0.9261012000206392
hist_gradient_boosting-42-031,hist_gradient_boosting,"{""learning_rate"": 0.031312665896422516, ""max_depth"": 2, ""max_iter"": 300, ""l2_regularization"": 0.33199410514009653}",42,ok,0.9226531829674427,0.08302945401292187,0.9213587369202034,4,0.6012244000157807
hist_gradient_boosting-42-032,hist_gradient_boosting,"{""learning_rate"": 0.02956167643438152, ""max_depth"": 5, ""max_iter"": 200, ""l2_regularization"": 0.0029649925637370337}",42,ok,0.8923812835667582,0.11570915233800629,0.8691723394810275,4,0.5733242999995127
hist_gradient_boosting-42-033,hist_gradient_boosting,"{""learning_rate"": 0.17842582533959545, ""max_depth"": 3, ""max_iter"": 600, ""l2_regularization"": 0.6292576951965632}",42,ok,0.9440586092782822,0.0737037960500389,0.9058595077536525,4,1.2763596000149846
hist_gradient_boosting-42-034,hist_gradient_boosting,"{""learning_rate"": 0.022177102043730426, ""max_depth"": 5, ""max_iter"": 600, ""l2_regularization"": 1.3031776284459848}",42,ok,0.8987648042783118,0.11744546258837929,0.8759116063992046,4,1.3759689000144135
hist_gradient_boosting-42-035,hist_gradient_boosting,"{""learning_rate"": 0.0856437430234176, ""max_depth"": 5, ""max_iter"": 300, ""l2_regularization"": 0.012273438404016217}",42,ok,0.9268438891186597,0.0769740619650675,0.9005109359931127,4,0.7652717000164557
hist_gradient_boosting-42-036,hist_gradient_boosting,"{""learning_rate"": 0.013347733687459578, ""max_depth"": 3, ""max_iter"": 600, ""l2_regularization"": 0.06654342638277627}",42,ok,0.92914949853525,0.08348635032617373,0.9180015153178612,4,1.199851099983789
hist_gradient_boosting-42-037,hist_gradient_boosting,"{""learning_rate"": 0.01833499549642598, ""max_depth"": 4, ""max_iter"": 300, ""l2_regularization"": 0.20743320413499983}",42,ok,0.8983613763899331,0.10611883741102186,0.8751285504589245,4,0.773799799993867
hist_gradient_boosting-42-038,hist_gradient_boosting,"{""learning_rate"": 0.01698191618306452, ""max_depth"": 3, ""max_iter"": 600, ""l2_regularization"": 1.0816284932722808}",42,ok,0.9219939537803803,0.08193459094401255,0.907652853296998,4,1.4701759000017773
hist_gradient_boosting-42-039,hist_gradient_boosting,"{""learning_rate"": 0.08630637708702162, ""max_depth"": 4, ""max_iter"": 300, ""l2_regularization"": 0.3230244255364057}",42,ok,0.9234958204270429,0.08775192609060806,0.8943341453676232,4,0.8093835999898147
mlp-42-000,mlp,"{""hidden_layer_sizes"": 16, ""alpha"": 0.0005695262671673524, ""learning_rate_init"": 0.005214297905300547, ""max_iter"": 3000}",42,ok,0.7020064152102068,0.2902034930716897,0.6069525921382793,4,0.1923530999920331
mlp-42-001,mlp,"{""hidden_layer_sizes"": 16, ""alpha"": 2.3807258718953526e-05, ""learning_rate_init"": 0.008938089586343602, ""max_iter"": 3000}",42,ok,0.7103165299205059,0.2942252849442022,0.6221994410510947,4,0.1535042000177782
mlp-42-002,mlp,"{""hidden_layer_sizes"": 64, ""alpha"": 0.013939821771844673, ""learning_rate_init"": 0.0001803961503006787, ""max_iter"": 3000}",42,ok,0.7830618039643634,0.17678382420794225,0.6960820910417684,4,0.2621050000016112
mlp-42-003,mlp,"{""hidden_layer_sizes"": 64, ""alpha"": 0.0003042230366019293, ""learning_rate_init"": 0.007137234690401974, ""max_iter"": 1000}",42,ok,0.9118057034417174,0.08687501898556486,0.8591473041611968,4,0.15371739998226985
mlp-42-004,mlp,"{""hidden_layer_sizes"": 64, ""alpha"": 0.01954548507358634, ""learning_rate_init"": 0.0007705989229173013, ""max_iter"": 3000}",42,ok,0.8758363900330597,0.16077245073507077,0.8009538879710335,4,0.2738709000113886
mlp-42-005,mlp,"{""hidden_layer_sizes"": 32, ""alpha"": 0.0016532523475753852, ""learning_rate_init"": 0.0001341635410168891, ""max_iter"": 1000}",42,ok,0.6553398260927181,0.14645141965109484,0.5376777184618062,4,0.15904659999068826
mlp-42-006,mlp,"{""hidden_layer_sizes"": 64, ""alpha"": 0.0033624636376440795, ""learning_rate_init"": 0.0032822788943585807, ""max_iter"": 3000}",42,ok,0.9022004232806824,0.10776796195362195,0.8457704041534349,4,0.18047749999095686
mlp-42-007,mlp,"{""hidden_layer_sizes"": 64, ""alpha"": 0.07634702129562373, ""learning_rate_init"": 0.006112828938332493, ""max_iter"": 1000}",42,ok,0.912867733950903,0.08939954284890919,0.8612978790872527,4,0.15456610001274385
mlp-42-008,mlp,"{""hidden_layer_sizes"": 64, ""alpha"": 6.005578269385882e-05, ""learning_rate_init"": 0.0008579105479001719, ""max_iter"": 3000}",42,ok,0.876302778775844,0.16013617223772486,0.8017109607462685,4,0.2611849999811966
mlp-42-009,mlp,"{""hidden_layer_sizes"": 32, ""alpha"": 4.141502885405809e-05, ""learning_rate_init"": 0.0023232604885522565, ""max_iter"": 1000}",42,ok,0.7573311465754204,0.1761582381235266,0.6786214626127205,4,0.1390042999992147
mlp-42-010,mlp,"{""hidden_layer_sizes"": 64, ""alpha"": 0.07413766946115147, ""learning_rate_init"": 0.00044838462907863556, ""max_iter"": 3000}",42,ok,0.8150174640736818,0.1604631664216395,0.7422446600306455,4,0.22111109999241307
mlp-42-011,mlp,"{""hidden_layer_sizes"": 64, ""alpha"": 0.0007554804756926673, ""learning_rate_init"": 0.0002393000107750478, ""max_iter"": 1000}",42,ok,0.8014311027269068,0.1639754405059322,0.7178318349672375,4,0.24211019999347627
mlp-42-012,mlp,"{""hidden_layer_sizes"": 32, ""alpha"": 0.0007995022768886639, ""learning_rate_init"": 0.00028432738978688204, ""max_iter"": 1000}",42,ok,0.7008353047174347,0.1514652817036946,0.5943239667606027,4,0.17115030001150444
mlp-42-013,mlp,"{""hidden_layer_sizes"": 32, ""alpha"": 0.000560541376268677, ""learning_rate_init"": 0.0046276061771155265, ""max_iter"": 3000}",42,ok,0.7559451240045463,0.17734936661863523,0.674943609941238,4,0.12371620000340044
mlp-42-014,mlp,"{""hidden_layer_sizes"": 32, ""alpha"": 0.00017760965289612663, ""learning_rate_init"": 0.00461869838886613, ""max_iter"": 3000}",42,ok,0.756040514724937,0.17737225547927477,0.6753709603685885,4,0.12554649999947287
mlp-42-015,mlp,"{""hidden_layer_sizes"": 32, ""alpha"": 0.0003547427399748456, ""learning_rate_init"": 0.00037727341902696, ""max_iter"": 3000}",42,ok,0.7013689357540618,0.15091406619388315,0.5952121466810407,4,0.15446829999564216
mlp-42-016,mlp,"{""hidden_layer_sizes"": 16, ""alpha"": 3.6225128477916267e-05, ""learning_rate_init"": 0.000251082477295954, ""max_iter"": 3000}",42,ok,0.6579340801108737,0.25414310900737624,0.47614593889329593,4,0.2958980000112206
mlp-42-017,mlp,"{""hidden_layer_sizes"": 64, ""alpha"": 0.014050685404271752, ""learning_rate_init"": 0.0021364941755036074, ""max_iter"": 1000}",42,ok,0.8799855912208893,0.1543478454408269,0.8078603904284983,4,0.17667980000260286
mlp-42-018,mlp,"{""hidden_layer_sizes"": 32, ""alpha"": 0.013271381209008224, ""learning_rate_init"": 0.0008276210937283397, ""max_iter"": 3000}",42,ok,0.7208462348224824,0.15545300883508673,0.6238150849613984,4,0.14087399997515604
mlp-42-019,mlp,"{""hidden_layer_sizes"": 32, ""alpha"": 3.623998360341539e-05, ""learning_rate_init"": 0.00016945724718950912, ""max_iter"": 3000}",42,ok,0.6546378495000511,0.14511378186531806,0.5377232619625545,4,0.1467764000117313
mlp-42-020,mlp,"{""hidden_layer_sizes"": 32, ""alpha"": 0.0007662752960683012, ""learning_rate_init"": 0.0013504304218264766, ""max_iter"": 3000}",42,ok,0.7419608638111013,0.18730597635886745,0.6476309999554781,4,0.14762239999254234
mlp-42-021,mlp,"{""hidden_layer_sizes"": 16, ""alpha"": 0.003458384531216487, ""learning_rate_init"": 0.001279849200002848, ""max_iter"": 3000}",42,ok,0.6868572293721156,0.2756329134648521,0.583939354305646,4,0.2158346999785863
mlp-42-022,mlp,"{""hidden_layer_sizes"": 16, ""alpha"": 0.0001643616120887585, ""learning_rate_init"": 0.00011524860283967093, ""max_iter"": 3000}",42,ok,0.5711735304548151,0.16452506703608322,0.34382131119051695,4,0.15887220000149682
mlp-42-023,mlp,"{""hidden_layer_sizes"": 32, ""alpha"": 7.21670065361398e-05, ""learning_rate_init"": 0.0006562318236263229, ""max_iter"": 1000}",42,ok,0.7194390938665671,0.15585892928294742,0.6220387251205224,4,0.14852829999290407
mlp-42-024,mlp,"{""hidden_layer_sizes"": 64, ""alpha"": 8.624976957027767e-05, ""learning_rate_init"": 0.00013079931915544428, ""max_iter"": 3000}",42,ok,0.7228141027934221,0.15772591025289553,0.6358099830704195,4,0.17744510000920855
mlp-42-025,mlp,"{""hidden_layer_sizes"": 64, ""alpha"": 0.00014940840554230074, ""learning_rate_init"": 0.0021078176143715993, ""max_iter"": 1000}",42,ok,0.877922637889055,0.15630504081960944,0.8041658876793738,4,0.18433590000495315
mlp-42-026,mlp,"{""hidden_layer_sizes"": 16, ""alpha"": 0.013664471413649366, ""learning_rate_init"": 0.002131214099439063, ""max_iter"": 3000}",42,ok,0.6917775365568425,0.28218885048019127,0.5966062775902841,4,0.23569400000269525
mlp-42-027,mlp,"{""hidden_layer_sizes"": 32, ""alpha"": 0.018033562887022715, ""learning_rate_init"": 0.00021574753370052615, ""max_iter"": 1000}",42,ok,0.6739215173741231,0.10912886934059625,0.5634260452554706,4,0.1737868000054732
mlp-42-028,mlp,"{""hidden_layer_sizes"": 32, ""alpha"": 2.2918777219894275e-05, ""learning_rate_init"": 0.0027843171420276376, ""max_iter"": 1000}",42,ok,0.7551852800389868,0.18008485213282416,0.6750006552036236,4,0.15919860001304187
mlp-42-029,mlp,"{""hidden_layer_sizes"": 64, ""alpha"": 4.416590318748443e-05, ""learning_rate_init"": 0.0010048229603696435, ""max_iter"": 1000}",42,ok,0.8760264689272319,0.16014163589368063,0.8017153214649149,4,0.2588761000079103
mlp-42-030,mlp,"{""hidden_layer_sizes"": 64, ""alpha"": 0.006099321139745846, ""learning_rate_init"": 0.0007803915372354436, ""max_iter"": 1000}",42,ok,0.8753867695905417,0.16096365995108122,0.8000657080505955,4,0.32855770000605844
mlp-42-031,mlp,"{""hidden_layer_sizes"": 16, ""alpha"": 0.00016071201881162468, ""learning_rate_init"": 0.0018220705396336794, ""max_iter"": 1000}",42,ok,0.6895360447039203,0.27770623791712645,0.5899365999613357,4,0.22681700001703575
mlp-42-032,mlp,"{""hidden_layer_sizes"": 32, ""alpha"": 2.2418145176583873e-05, ""learning_rate_init"": 0.0001721915376473837, ""max_iter"": 1000}",42,ok,0.6540570054981545,0.14436952993230018,0.536928349402936,4,0.16018490001442842
mlp-42-033,mlp,"{""hidden_layer_sizes"": 32, ""alpha"": 0.04308466920077774, ""learning_rate_init"": 0.0025085009372064486, ""max_iter"": 3000}",42,ok,0.7551731830094637,0.18434605974983986,0.6695293269432603,4,0.13875630000256933
mlp-42-034,mlp,"{""hidden_layer_sizes"": 32, ""alpha"": 0.07528448942550647, ""learning_rate_init"": 0.0036099551637741754, ""max_iter"": 1000}",42,ok,0.7540541068647583,0.1853969478941231,0.6668570834655817,4,0.14635349999298342
mlp-42-035,mlp,"{""hidden_layer_sizes"": 16, ""alpha"": 0.000627257710552084, ""learning_rate_init"": 0.0003503346743332185, ""max_iter"": 3000}",42,ok,0.6642810168248797,0.2508846534619407,0.5184431780782418,4,0.3566436999826692
mlp-42-036,mlp,"{""hidden_layer_sizes"": 16, ""alpha"": 0.0407764662233947, ""learning_rate_init"": 0.0008157415422961878, ""max_iter"": 1000}",42,ok,0.6914507438862194,0.2811512267455215,0.5839215075966229,4,0.29837940001743846
mlp-42-037,mlp,"{""hidden_layer_sizes"": 64, ""alpha"": 0.0001674273859381425, ""learning_rate_init"": 0.0014402541585949334, ""max_iter"": 1000}",42,ok,0.8803048263862504,0.15130496095235818,0.8079256850841291,4,0.20442870000260882
mlp-42-038,mlp,"{""hidden_layer_sizes"": 32, ""alpha"": 0.026696672655581552, ""learning_rate_init"": 0.0032888120853467465, ""max_iter"": 1000}",42,ok,0.7641990478877774,0.17619052354836554,0.689340735679513,4,0.13472700002603233
mlp-42-039,mlp,"{""hidden_layer_sizes"": 32, ""alpha"": 0.0005350226388908707, ""learning_rate_init"": 0.001797288027936552, ""max_iter"": 3000}",42,ok,0.7408757784193729,0.19035752899604733,0.6447513410054071,4,0.16229589999420568
