strategy,fold,n_train,n_val,val_threshold,val_precision,val_recall,val_f1,val_pr_auc,val_roc_auc,val_brier,val_mcc,val_n_predicted_positive,val_majority_baseline_accuracy_pct,val_tn,val_fp,val_fn,val_tp
baseline,1,32000,8000,0.5,0.9923664122137404,0.8125,0.8934707903780069,0.9536470404607349,0.9976642219387755,0.0031976281718895144,0.8961439731897329,131,98.0,7839,1,30,130
baseline,2,32000,8000,0.5,1.0,0.7875,0.8811188811188811,0.9649916690849194,0.9971348852040817,0.0034145735238604352,0.8854939684713479,126,98.0,7840,0,34,126
baseline,3,32000,8000,0.5,1.0,0.8,0.8888888888888888,0.9661878537188379,0.9969132653061225,0.0034994072869102767,0.8926073982886736,128,98.0,7840,0,32,128
baseline,4,32000,8000,0.5,1.0,0.83125,0.9078498293515358,0.9720836872839176,0.9984733737244899,0.0026377564447175547,0.9101632281177479,133,98.0,7840,0,27,133
baseline,5,32000,8000,0.5,0.984251968503937,0.78125,0.8710801393728222,0.9494463529679742,0.996203762755102,0.0038422026444652115,0.8747707102448464,127,98.0,7838,2,35,125
cost_sensitive,1,32000,8000,0.5,0.954248366013072,0.9125,0.9329073482428115,0.9599131509993493,0.9977104591836735,0.0024184025909846627,0.9318117882802354,153,98.0,7833,7,14,146
cost_sensitive,2,32000,8000,0.5,0.9862068965517241,0.89375,0.9377049180327869,0.9669964778263037,0.9980205676020408,0.0022250197525068966,0.9376764393806185,145,98.0,7838,2,17,143
cost_sensitive,3,32000,8000,0.5,0.9722222222222222,0.875,0.9210526315789473,0.9631051092057957,0.9967243303571428,0.0025212936341613406,0.9208540138628363,144,98.0,7836,4,20,140
cost_sensitive,4,32000,8000,0.5,0.9539473684210527,0.90625,0.9294871794871795,0.972441222024487,0.9984885204081633,0.002183351051480235,0.9284032751106158,152,98.0,7833,7,15,145
cost_sensitive,5,32000,8000,0.5,0.9357142857142857,0.81875,0.8733333333333333,0.9482146722345699,0.9961224489795918,0.0032995990205380867,0.8729406118175927,140,98.0,7831,9,29,131
resampling,1,32000,8000,0.5,0.7474747474747475,0.925,0.8268156424581006,0.9397846338325168,0.9967769451530613,0.006142207909891868,0.8277887291165292,198,98.0,7790,50,12,148
resampling,2,32000,8000,0.5,0.8855421686746988,0.91875,0.901840490797546,0.9576449779454417,0.9975709502551021,0.0032686888209788006,0.8999584437234815,166,98.0,7821,19,13,147
resampling,3,32000,8000,0.5,0.8043478260869565,0.925,0.8604651162790697,0.9428371863607415,0.9964955357142857,0.004931348229957526,0.8596017632435227,184,98.0,7804,36,12,148
resampling,4,32000,8000,0.5,0.7738693467336684,0.9625,0.8579387186629527,0.96322764743628,0.9983928571428572,0.004958900803892884,0.860041579848686,199,98.0,7795,45,6,154
resampling,5,32000,8000,0.5,0.7760416666666666,0.93125,0.8465909090909091,0.9429115174096837,0.9962603635204081,0.005171696132705374,0.8468342354431831,192,98.0,7797,43,11,149
resampling_calibrated,1,32000,8000,0.5,0.9428571428571428,0.825,0.88,0.942661570148401,0.9975749362244899,0.0035338764577000016,0.8797498209581356,140,98.0,7832,8,28,132
resampling_calibrated,2,32000,8000,0.5,0.971830985915493,0.8625,0.9139072847682119,0.9561601017312727,0.9973353794642857,0.0028510517457609836,0.913944793222135,142,98.0,7836,4,22,138
resampling_calibrated,3,32000,8000,0.5,0.9637681159420289,0.83125,0.8926174496644296,0.9495142191117721,0.9945300542091837,0.003348727081692302,0.8931209750122567,138,98.0,7835,5,27,133
resampling_calibrated,4,32000,8000,0.5,0.9324324324324325,0.8625,0.8961038961038961,0.9577843693505176,0.9976937181122449,0.003137383354164971,0.8947740708670235,148,98.0,7830,10,22,138
resampling_calibrated,5,32000,8000,0.5,0.9513888888888888,0.85625,0.9013157894736842,0.9388723500367665,0.9964233896683673,0.003357973965062371,0.9007069744696878,144,98.0,7833,7,23,137
