strategy,fold,train_n,train_neg_before,train_pos_before,train_ir_before,train_neg_after,train_pos_after,train_ir_after,val_n,val_pos,val_pos_pct
baseline,1,32000,31360,640,49.0,31360,640,49.0,8000,160,2.0
baseline,2,32000,31360,640,49.0,31360,640,49.0,8000,160,2.0
baseline,3,32000,31360,640,49.0,31360,640,49.0,8000,160,2.0
baseline,4,32000,31360,640,49.0,31360,640,49.0,8000,160,2.0
baseline,5,32000,31360,640,49.0,31360,640,49.0,8000,160,2.0
cost_sensitive,1,32000,31360,640,49.0,31360,640,49.0,8000,160,2.0
cost_sensitive,2,32000,31360,640,49.0,31360,640,49.0,8000,160,2.0
cost_sensitive,3,32000,31360,640,49.0,31360,640,49.0,8000,160,2.0
cost_sensitive,4,32000,31360,640,49.0,31360,640,49.0,8000,160,2.0
cost_sensitive,5,32000,31360,640,49.0,31360,640,49.0,8000,160,2.0
resampling,1,32000,31360,640,49.0,6272,3136,2.0,8000,160,2.0
resampling,2,32000,31360,640,49.0,6272,3136,2.0,8000,160,2.0
resampling,3,32000,31360,640,49.0,6272,3136,2.0,8000,160,2.0
resampling,4,32000,31360,640,49.0,6272,3136,2.0,8000,160,2.0
resampling,5,32000,31360,640,49.0,6272,3136,2.0,8000,160,2.0
resampling_calibrated,1,32000,31360,640,49.0,6272,3136,2.0,8000,160,2.0
resampling_calibrated,2,32000,31360,640,49.0,6272,3136,2.0,8000,160,2.0
resampling_calibrated,3,32000,31360,640,49.0,6272,3136,2.0,8000,160,2.0
resampling_calibrated,4,32000,31360,640,49.0,6272,3136,2.0,8000,160,2.0
resampling_calibrated,5,32000,31360,640,49.0,6272,3136,2.0,8000,160,2.0
