strategy,threshold_mode,split,threshold,precision,recall,f1,pr_auc,roc_auc,brier,mcc,n_predicted_positive,majority_baseline_accuracy_pct,tn,fp,fn,tp
baseline,best_f1,test,0.093032723271041,0.925531914893617,0.87,0.8969072164948454,0.9496751019352925,0.9972520408163266,0.004150099858614791,0.8953150409550283,188,98.0,9786,14,26,174
baseline,best_cost,test,0.02984208377589715,0.8348623853211009,0.91,0.8708133971291866,0.9496751019352925,0.9972520408163266,0.004150099858614791,0.8689017117255758,218,98.0,9764,36,18,182
baseline,min_precision,test,0.0026832699107508058,0.49489795918367346,0.97,0.6554054054054054,0.9496751019352925,0.9972520408163266,0.004150099858614791,0.6851707330771527,392,98.0,9602,198,6,194
baseline,fixed_0.5,test,0.5,0.9803921568627451,0.75,0.8498583569405099,0.9496751019352925,0.9972520408163266,0.004150099858614791,0.8550948985442612,153,98.0,9797,3,50,150
cost_sensitive,best_f1,test,0.3868623657079365,0.9562841530054644,0.875,0.9138381201044387,0.9438453482932807,0.9955102040816326,0.003038296749243534,0.91309462551068,183,98.0,9792,8,25,175
cost_sensitive,best_cost,test,0.07647344645824448,0.7679324894514767,0.91,0.8329519450800915,0.9438453482932807,0.9955102040816326,0.003038296749243534,0.8323709056024216,237,98.0,9745,55,18,182
cost_sensitive,min_precision,test,0.009115477350512057,0.4961038961038961,0.955,0.652991452991453,0.9438453482932807,0.9955102040816326,0.003038296749243534,0.68050202241755,385,98.0,9606,194,9,191
cost_sensitive,fixed_0.5,test,0.5,0.9664804469273743,0.865,0.9129287598944591,0.9438453482932807,0.9955102040816326,0.003038296749243534,0.9127088690559131,179,98.0,9794,6,27,173
resampling,best_f1,test,0.8898714697145486,0.9479768786127167,0.82,0.8793565683646113,0.9398452456773488,0.9974020408163266,0.005107946140633097,0.8794713441147207,173,98.0,9791,9,36,164
resampling,best_cost,test,0.5,0.7844827586206896,0.91,0.8425925925925926,0.9398452456773488,0.9974020408163266,0.005107946140633097,0.8415517482061649,232,98.0,9750,50,18,182
resampling,min_precision,test,0.0847130704877732,0.516042780748663,0.965,0.6724738675958188,0.9398452456773488,0.9974020408163266,0.005107946140633097,0.6983995810565469,374,98.0,9619,181,7,193
resampling,fixed_0.5,test,0.5,0.7844827586206896,0.91,0.8425925925925926,0.9398452456773488,0.9974020408163266,0.005107946140633097,0.8415517482061649,232,98.0,9750,50,18,182
resampling_calibrated,best_f1,test,0.4745953009150415,0.9364161849710982,0.81,0.868632707774799,0.941109533340852,0.997631887755102,0.003807645535444213,0.8685149302102144,173,98.0,9789,11,38,162
resampling_calibrated,best_cost,test,0.15518024132090855,0.7637130801687764,0.905,0.8283752860411899,0.941109533340852,0.997631887755102,0.003807645535444213,0.8276751428493898,237,98.0,9744,56,19,181
resampling_calibrated,min_precision,test,0.03074284991357364,0.5514285714285714,0.965,0.7018181818181818,0.941109533340852,0.997631887755102,0.003807645535444213,0.7229149892365387,350,98.0,9643,157,7,193
resampling_calibrated,fixed_0.5,test,0.5,0.9464285714285714,0.795,0.8641304347826086,0.941109533340852,0.997631887755102,0.003807645535444213,0.8650029939560513,168,98.0,9791,9,41,159
baseline,fixed_0.5,oof,0.5,0.9953488372093023,0.8025,0.8885813148788927,0.9607347340274465,0.9972627869897961,0.0033183136143685983,0.8918911074201608,645,98.0,39197,3,158,642
cost_sensitive,fixed_0.5,oof,0.5,0.9604904632152589,0.88125,0.9191655801825294,0.9617291169061055,0.9974024234693878,0.002529533209934244,0.9184722919028219,734,98.0,39171,29,95,705
resampling,fixed_0.5,oof,0.5,0.7944621938232161,0.9325,0.8579643473260494,0.9486455432665628,0.9970770727040816,0.0048945683794852915,0.8576958402672252,939,98.0,39007,193,54,746
resampling_calibrated,fixed_0.5,oof,0.5,0.952247191011236,0.8475,0.8968253968253969,0.9481861267815057,0.996526881377551,0.0032458025208761255,0.8964231921568573,712,98.0,39166,34,122,678
