technique,fold,train_n_before,train_pos_before,train_ir_before,train_n_after,train_pos_after,train_ir_after,val_n,val_pos,val_pos_pct
baseline,1,12800,256,49.0,12800,256,49.0,3200,64,2.0
baseline,2,12800,256,49.0,12800,256,49.0,3200,64,2.0
baseline,3,12800,256,49.0,12800,256,49.0,3200,64,2.0
baseline,4,12800,256,49.0,12800,256,49.0,3200,64,2.0
baseline,5,12800,256,49.0,12800,256,49.0,3200,64,2.0
ros,1,12800,256,49.0,18816,6272,2.0,3200,64,2.0
ros,2,12800,256,49.0,18816,6272,2.0,3200,64,2.0
ros,3,12800,256,49.0,18816,6272,2.0,3200,64,2.0
ros,4,12800,256,49.0,18816,6272,2.0,3200,64,2.0
ros,5,12800,256,49.0,18816,6272,2.0,3200,64,2.0
smote,1,12800,256,49.0,18816,6272,2.0,3200,64,2.0
smote,2,12800,256,49.0,18816,6272,2.0,3200,64,2.0
smote,3,12800,256,49.0,18816,6272,2.0,3200,64,2.0
smote,4,12800,256,49.0,18816,6272,2.0,3200,64,2.0
smote,5,12800,256,49.0,18816,6272,2.0,3200,64,2.0
borderline_smote,1,12800,256,49.0,18816,6272,2.0,3200,64,2.0
borderline_smote,2,12800,256,49.0,18816,6272,2.0,3200,64,2.0
borderline_smote,3,12800,256,49.0,18816,6272,2.0,3200,64,2.0
borderline_smote,4,12800,256,49.0,18816,6272,2.0,3200,64,2.0
borderline_smote,5,12800,256,49.0,18816,6272,2.0,3200,64,2.0
adasyn,1,12800,256,49.0,18843,6299,1.9914272106683601,3200,64,2.0
adasyn,2,12800,256,49.0,18801,6257,2.0047946300143837,3200,64,2.0
adasyn,3,12800,256,49.0,18811,6267,2.0015956598053295,3200,64,2.0
adasyn,4,12800,256,49.0,18781,6237,2.011223344556678,3200,64,2.0
adasyn,5,12800,256,49.0,18782,6238,2.0109009297851874,3200,64,2.0
rus,1,12800,256,49.0,768,256,2.0,3200,64,2.0
rus,2,12800,256,49.0,768,256,2.0,3200,64,2.0
rus,3,12800,256,49.0,768,256,2.0,3200,64,2.0
rus,4,12800,256,49.0,768,256,2.0,3200,64,2.0
rus,5,12800,256,49.0,768,256,2.0,3200,64,2.0
tomek,1,12800,256,49.0,12781,256,48.92578125,3200,64,2.0
tomek,2,12800,256,49.0,12789,256,48.95703125,3200,64,2.0
tomek,3,12800,256,49.0,12789,256,48.95703125,3200,64,2.0
tomek,4,12800,256,49.0,12791,256,48.96484375,3200,64,2.0
tomek,5,12800,256,49.0,12785,256,48.94140625,3200,64,2.0
enn,1,12800,256,49.0,12691,256,48.57421875,3200,64,2.0
enn,2,12800,256,49.0,12704,256,48.625,3200,64,2.0
enn,3,12800,256,49.0,12694,256,48.5859375,3200,64,2.0
enn,4,12800,256,49.0,12701,256,48.61328125,3200,64,2.0
enn,5,12800,256,49.0,12703,256,48.62109375,3200,64,2.0
smote_tomek,1,12800,256,49.0,18816,6272,2.0,3200,64,2.0
smote_tomek,2,12800,256,49.0,18816,6272,2.0,3200,64,2.0
smote_tomek,3,12800,256,49.0,18816,6272,2.0,3200,64,2.0
smote_tomek,4,12800,256,49.0,18816,6272,2.0,3200,64,2.0
smote_tomek,5,12800,256,49.0,18816,6272,2.0,3200,64,2.0
smote_enn,1,12800,256,49.0,18415,6268,1.9379387364390555,3200,64,2.0
smote_enn,2,12800,256,49.0,18424,6269,1.938905726591163,3200,64,2.0
smote_enn,3,12800,256,49.0,18403,6271,1.9346196778823155,3200,64,2.0
smote_enn,4,12800,256,49.0,18457,6271,1.9432307446978154,3200,64,2.0
smote_enn,5,12800,256,49.0,18479,6270,1.9472089314194578,3200,64,2.0
cost_sensitive_scale_pos_weight,1,12800,256,49.0,12800,256,49.0,3200,64,2.0
cost_sensitive_scale_pos_weight,2,12800,256,49.0,12800,256,49.0,3200,64,2.0
cost_sensitive_scale_pos_weight,3,12800,256,49.0,12800,256,49.0,3200,64,2.0
cost_sensitive_scale_pos_weight,4,12800,256,49.0,12800,256,49.0,3200,64,2.0
cost_sensitive_scale_pos_weight,5,12800,256,49.0,12800,256,49.0,3200,64,2.0
cost_sensitive_class_weight,1,12800,256,49.0,12800,256,49.0,3200,64,2.0
cost_sensitive_class_weight,2,12800,256,49.0,12800,256,49.0,3200,64,2.0
cost_sensitive_class_weight,3,12800,256,49.0,12800,256,49.0,3200,64,2.0
cost_sensitive_class_weight,4,12800,256,49.0,12800,256,49.0,3200,64,2.0
cost_sensitive_class_weight,5,12800,256,49.0,12800,256,49.0,3200,64,2.0
focal_loss,1,12800,256,49.0,12800,256,49.0,3200,64,2.0
focal_loss,2,12800,256,49.0,12800,256,49.0,3200,64,2.0
focal_loss,3,12800,256,49.0,12800,256,49.0,3200,64,2.0
focal_loss,4,12800,256,49.0,12800,256,49.0,3200,64,2.0
focal_loss,5,12800,256,49.0,12800,256,49.0,3200,64,2.0
balanced_rf,1,12800,256,49.0,12800,256,49.0,3200,64,2.0
balanced_rf,2,12800,256,49.0,12800,256,49.0,3200,64,2.0
balanced_rf,3,12800,256,49.0,12800,256,49.0,3200,64,2.0
balanced_rf,4,12800,256,49.0,12800,256,49.0,3200,64,2.0
balanced_rf,5,12800,256,49.0,12800,256,49.0,3200,64,2.0
easy_ensemble,1,12800,256,49.0,12800,256,49.0,3200,64,2.0
easy_ensemble,2,12800,256,49.0,12800,256,49.0,3200,64,2.0
easy_ensemble,3,12800,256,49.0,12800,256,49.0,3200,64,2.0
easy_ensemble,4,12800,256,49.0,12800,256,49.0,3200,64,2.0
easy_ensemble,5,12800,256,49.0,12800,256,49.0,3200,64,2.0
rusboost,1,12800,256,49.0,12800,256,49.0,3200,64,2.0
rusboost,2,12800,256,49.0,12800,256,49.0,3200,64,2.0
rusboost,3,12800,256,49.0,12800,256,49.0,3200,64,2.0
rusboost,4,12800,256,49.0,12800,256,49.0,3200,64,2.0
rusboost,5,12800,256,49.0,12800,256,49.0,3200,64,2.0
