technique,group,kind,threshold_mode,split,n_test,delta_f1_vs_0.5,delta_recall_vs_0.5,threshold,precision,recall,f1,macro_precision,macro_recall,macro_f1,weighted_precision,weighted_recall,weighted_f1,fbeta,fbeta_beta,pr_auc,roc_auc,balanced_accuracy,mcc,brier,accuracy,majority_baseline_accuracy_pct,accuracy_better_than_majority,n_predicted_positive,confusion_matrix,tn,fp,fn,tp
baseline,baseline,baseline,best_f1,test,4000,0.0768613285169577,0.16249999999999998,0.0767710689543984,0.8873239436619719,0.7875,0.8344370860927153,0.9414985714746611,0.8927295918367346,0.9156259834846301,0.9935062141748429,0.99375,0.9935673249808682,0.8056265984654731,2.0,0.8890701573747469,0.9910809948979593,0.8927295918367346,0.8328014259635849,0.006579311531617838,0.99375,98.0,False,71,"[[3912, 8], [17, 63]]",3912,8,17,63
baseline,baseline,baseline,best_cost,test,4000,-0.011629811629811582,0.23750000000000004,0.0126811157469037,0.6571428571428571,0.8625,0.745945945945946,0.8271593618191821,0.9266581632653061,0.8699659352250524,0.990375206308454,0.98825,0.9890251249329944,0.8117647058823529,2.0,0.8890701573747469,0.9910809948979593,0.9266581632653061,0.7472220885622212,0.006579311531617838,0.98825,98.0,False,105,"[[3884, 36], [11, 69]]",3884,36,11,69
baseline,baseline,baseline,min_precision,test,4000,-0.06192358366271411,0.275,0.00649208366364864,0.5669291338582677,0.9,0.6956521739130435,0.7824317758111374,0.942984693877551,0.8437839979022422,0.9893143120858925,0.98425,0.985990548931873,0.8053691275167785,2.0,0.8890701573747469,0.9910809948979593,0.942984693877551,0.7074261904933683,0.006579311531617838,0.98425,98.0,False,127,"[[3865, 55], [8, 72]]",3865,55,8,72
baseline,baseline,baseline,fixed_0.5,test,4000,0.0,0.0,0.5,0.9615384615384616,0.625,0.7575757575757576,0.9769698386719663,0.8122448979591836,0.8767543251529016,0.991783960720131,0.992,0.99116575002696,0.6720430107526881,2.0,0.8890701573747469,0.9910809948979593,0.8122448979591836,0.7718326207300037,0.006579311531617838,0.992,98.0,False,52,"[[3918, 2], [30, 50]]",3918,2,30,50
ros,data-level/oversampling,data-level,best_f1,test,4000,0.011426482014717299,0.0625,0.24077860308143467,0.8767123287671232,0.8,0.8366013071895425,0.9363189858757949,0.8988520408163265,0.9167076881302625,0.9935413767001195,0.99375,0.9936098138333539,0.8142493638676844,2.0,0.8909358005527956,0.9905261479591837,0.8988520408163265,0.8343301935408325,0.005275056916890139,0.99375,98.0,False,73,"[[3911, 9], [16, 64]]",3911,9,16,64
ros,data-level/oversampling,data-level,best_cost,test,4000,-0.07379360970521198,0.11249999999999993,0.03957093507666646,0.6732673267326733,0.85,0.7513812154696132,0.8350948072493836,0.9207908163265306,0.8728130019028588,0.9904491885454254,0.98875,0.9893875168787746,0.8076009501187649,2.0,0.8909358005527956,0.9905261479591837,0.9207908163265306,0.7510121636544898,0.005275056916890139,0.98875,98.0,False,101,"[[3887, 33], [12, 68]]",3887,33,12,68
ros,data-level/oversampling,data-level,min_precision,test,4000,-0.16162342330566637,0.1499999999999999,0.01616131542830886,0.5298507462686567,0.8875,0.6635514018691588,0.7637613793422953,0.9357142857142857,0.8271520174000302,0.9883155870929883,0.982,0.9842086083096668,0.7819383259911894,2.0,0.8909358005527956,0.9905261479591837,0.9357142857142857,0.6780106223331399,0.005275056916890139,0.982,98.0,False,134,"[[3857, 63], [9, 71]]",3857,63,9,71
ros,data-level/oversampling,data-level,fixed_0.5,test,4000,0.0,0.0,0.5,0.9365079365079365,0.7375,0.8251748251748252,0.9655869629199576,0.8682397959183674,0.9109964745703578,0.9935028282754977,0.99375,0.993385257990069,0.7702349869451697,2.0,0.8909358005527956,0.9905261479591837,0.8682397959183674,0.8281247447284682,0.005275056916890139,0.99375,98.0,False,63,"[[3916, 4], [21, 59]]",3916,4,21,59
smote,data-level/oversampling,data-level,best_f1,test,4000,0.010750823651812014,-0.04999999999999993,0.7416886486075663,0.8939393939393939,0.7375,0.8082191780821918,0.9443006578237895,0.8678571428571429,0.9023270578468,0.9926474711528092,0.993,0.9926706224208238,0.7642487046632125,2.0,0.8702886928077628,0.9894068877551021,0.8678571428571429,0.8085522136673878,0.00609245495366437,0.993,98.0,False,66,"[[3913, 7], [21, 59]]",3913,7,21,59
smote,data-level/oversampling,data-level,best_cost,test,4000,-0.11785670394494285,0.08750000000000002,0.08770989014894398,0.5555555555555556,0.875,0.6796116504854369,0.776487122124706,0.9303571428571429,0.8355717990687385,0.9885814260310904,0.9835,0.985293541708708,0.7847533632286996,2.0,0.8702886928077628,0.9894068877551021,0.9303571428571429,0.6898933480310776,0.00609245495366437,0.9835,98.0,False,126,"[[3864, 56], [10, 70]]",3864,56,10,70
smote,data-level/oversampling,data-level,min_precision,test,4000,-0.12439143135345665,0.08750000000000002,0.07957257151745377,0.546875,0.875,0.6730769230769231,0.7721461776859504,0.9301020408163265,0.8321750118464698,0.9884065082644627,0.983,0.9849091770652346,0.78125,2.0,0.8702886928077628,0.9894068877551021,0.9301020408163265,0.6842532467532467,0.00609245495366437,0.983,98.0,False,128,"[[3862, 58], [10, 70]]",3862,58,10,70
smote,data-level/oversampling,data-level,fixed_0.5,test,4000,0.0,0.0,0.5,0.8076923076923077,0.7875,0.7974683544303798,0.9016788922449299,0.8918367346938776,0.8966938813722927,0.9919060134154475,0.992,0.991950387236529,0.7914572864321608,2.0,0.8702886928077628,0.9894068877551021,0.8918367346938776,0.7934545873147555,0.00609245495366437,0.992,98.0,False,78,"[[3905, 15], [17, 63]]",3905,15,17,63
borderline_smote,data-level/oversampling,data-level,best_f1,test,4000,0.016209150326797372,0.0,0.5949127910282738,0.8857142857142857,0.775,0.8266666666666667,0.940567066521265,0.8864795918367347,0.9116772823779193,0.9932257360959651,0.9935,0.9932874734607219,0.7948717948717948,2.0,0.8734301201423542,0.9873341836734694,0.8864795918367347,0.8252761478337928,0.005745331251083801,0.9935,98.0,False,70,"[[3912, 8], [18, 62]]",3912,8,18,62
borderline_smote,data-level/oversampling,data-level,best_cost,test,4000,-0.10109791042853922,0.125,0.04623284184529607,0.5853658536585366,0.9,0.7093596059113301,0.7916512012682675,0.9434948979591837,0.8508962964788149,0.9896851349736092,0.98525,0.9867715194236004,0.8126410835214447,2.0,0.8734301201423542,0.9873341836734694,0.9434948979591837,0.7192935972081043,0.005745331251083801,0.98525,98.0,False,123,"[[3869, 51], [8, 72]]",3869,51,8,72
borderline_smote,data-level/oversampling,data-level,min_precision,test,4000,-0.10109791042853922,0.125,0.04623284184529607,0.5853658536585366,0.9,0.7093596059113301,0.7916512012682675,0.9434948979591837,0.8508962964788149,0.9896851349736092,0.98525,0.9867715194236004,0.8126410835214447,2.0,0.8734301201423542,0.9873341836734694,0.9434948979591837,0.7192935972081043,0.005745331251083801,0.98525,98.0,False,123,"[[3869, 51], [8, 72]]",3869,51,8,72
borderline_smote,data-level/oversampling,data-level,fixed_0.5,test,4000,0.0,0.0,0.5,0.8493150684931506,0.775,0.8104575163398693,0.9223657084253377,0.8860969387755102,0.9033809182311046,0.9924943227602373,0.99275,0.9925873840466903,0.7888040712468194,2.0,0.8734301201423542,0.9873341836734694,0.8860969387755102,0.8076487035011513,0.005745331251083801,0.99275,98.0,False,73,"[[3909, 11], [18, 62]]",3909,11,18,62
adasyn,data-level/oversampling,data-level,best_f1,test,4000,-0.03456416195269707,-0.09999999999999998,0.7869762309018872,0.8571428571428571,0.675,0.7552447552447552,0.9252694219674154,0.8363520408163265,0.8753950643985008,0.9906709241989912,0.99125,0.9907393611860966,0.7049608355091384,2.0,0.869959931950455,0.9910650510204082,0.8363520408163265,0.7564132150498686,0.006569347968643877,0.99125,98.0,False,63,"[[3911, 9], [26, 54]]",3911,9,26,54
adasyn,data-level/oversampling,data-level,best_cost,test,4000,-0.06815943266136981,0.09999999999999998,0.15725432553112526,0.6140350877192983,0.875,0.7216494845360825,0.8057308737618623,0.9318877551020408,0.857365864481723,0.9897588283627236,0.9865,0.987653589229538,0.8064516129032258,2.0,0.869959931950455,0.9910650510204082,0.9318877551020408,0.7267500828603904,0.006569347968643877,0.9865,98.0,False,114,"[[3876, 44], [10, 70]]",3876,44,10,70
adasyn,data-level/oversampling,data-level,min_precision,test,4000,-0.08683862016774935,0.11249999999999993,0.12055978271256926,0.5819672131147541,0.8875,0.7029702970297029,0.7898232146027613,0.9372448979591836,0.8476380082224688,0.9893649760312482,0.985,0.986519010967524,0.8031674208144797,2.0,0.869959931950455,0.9910650510204082,0.9372448979591836,0.7119655101061763,0.006569347968643877,0.985,98.0,False,122,"[[3869, 51], [9, 71]]",3869,51,9,71
adasyn,data-level/oversampling,data-level,fixed_0.5,test,4000,0.0,0.0,0.5,0.8051948051948052,0.775,0.7898089171974523,0.9003032399667628,0.8855867346938775,0.8928006717824568,0.9916073373478421,0.99175,0.9916727561840613,0.7808564231738035,2.0,0.869959931950455,0.9910650510204082,0.8855867346938775,0.7857521725993858,0.006569347968643877,0.99175,98.0,False,77,"[[3905, 15], [18, 62]]",3905,15,18,62
rus,data-level/undersampling,data-level,best_f1,test,4000,0.19004128323992714,-0.25,0.9446951224003722,0.7246376811594203,0.625,0.6711409395973155,0.8585030176338948,0.8100765306122448,0.8324498482217886,0.9870137406493903,0.98775,0.9873064005012826,0.6426735218508998,2.0,0.7637322313367082,0.9835299744897958,0.8100765306122448,0.6668234306679349,0.02858489648810128,0.98775,98.0,False,69,"[[3901, 19], [30, 50]]",3901,19,30,50
rus,data-level/undersampling,data-level,best_cost,test,4000,0.06577534364261167,0.0,0.6092116564325805,0.3977272727272727,0.875,0.546875,0.6975561049828832,0.9239795918367346,0.7659478305785123,0.9853917839482693,0.971,0.9762577479338843,0.7056451612903226,2.0,0.7637322313367082,0.9835299744897958,0.9239795918367346,0.5788255583696972,0.02858489648810128,0.971,98.0,False,176,"[[3814, 106], [10, 70]]",3814,106,10,70
rus,data-level/undersampling,data-level,min_precision,test,4000,0.14275355465178602,-0.025000000000000022,0.7470436601703838,0.4927536231884058,0.85,0.6238532110091743,0.7448232124227891,0.9160714285714285,0.8066580370131968,0.9868100180877971,0.9795,0.9821506699770584,0.74235807860262,2.0,0.7637322313367082,0.9835299744897958,0.9160714285714285,0.6383226260761753,0.02858489648810128,0.9795,98.0,False,138,"[[3850, 70], [12, 68]]",3850,70,12,68
rus,data-level/undersampling,data-level,fixed_0.5,test,4000,0.0,0.0,0.5,0.33175355450236965,0.875,0.48109965635738833,0.664557167855566,0.919515306122449,0.7307560806109162,0.9840486366746344,0.96225,0.9704262478943031,0.6591337099811676,2.0,0.7637322313367082,0.9835299744897958,0.919515306122449,0.5254873952725069,0.02858489648810128,0.96225,98.0,False,211,"[[3779, 141], [10, 70]]",3779,141,10,70
tomek,data-level/undersampling,data-level,best_f1,test,4000,0.0824242424242424,0.16249999999999998,0.07986419983068638,0.9,0.7875,0.84,0.9478371501272265,0.8928571428571428,0.9184713375796179,0.9937608142493639,0.994,0.9938038216560509,0.8076923076923077,2.0,0.8956092699591067,0.9920758928571428,0.8928571428571428,0.8388945661148784,0.006524423469150986,0.994,98.0,False,70,"[[3913, 7], [17, 63]]",3913,7,17,63
tomek,data-level/undersampling,data-level,best_cost,test,4000,0.042424242424242475,0.22499999999999998,0.02074963943131152,0.7555555555555555,0.85,0.8,0.8762432509235578,0.9221938775510203,0.8978288633461047,0.99210343847684,0.9915,0.9917445721583653,0.8292682926829268,2.0,0.8956092699591067,0.9920758928571428,0.9221938775510203,0.7971137861304832,0.006524423469150986,0.9915,98.0,False,90,"[[3898, 22], [12, 68]]",3898,22,12,68
tomek,data-level/undersampling,data-level,min_precision,test,4000,-0.05806836841319596,0.26249999999999996,0.007073093210246422,0.5772357723577236,0.8875,0.6995073891625616,0.7874571949227359,0.9371173469387755,0.8458419336475884,0.9892697605851477,0.98475,0.986323096353214,0.801354401805869,2.0,0.8956092699591067,0.9920758928571428,0.9371173469387755,0.7089500021950456,0.006524423469150986,0.98475,98.0,False,123,"[[3868, 52], [9, 71]]",3868,52,9,71
tomek,data-level/undersampling,data-level,fixed_0.5,test,4000,0.0,0.0,0.5,0.9615384615384616,0.625,0.7575757575757576,0.9769698386719663,0.8122448979591836,0.8767543251529016,0.991783960720131,0.992,0.99116575002696,0.6720430107526881,2.0,0.8956092699591067,0.9920758928571428,0.8122448979591836,0.7718326207300037,0.006524423469150986,0.992,98.0,False,52,"[[3918, 2], [30, 50]]",3918,2,30,50
enn,data-level/undersampling,data-level,best_f1,test,4000,0.053939393939393954,0.13750000000000007,0.10434282820850335,0.8857142857142857,0.775,0.8266666666666667,0.940567066521265,0.8864795918367347,0.9116772823779193,0.9932257360959651,0.9935,0.9932874734607219,0.7948717948717948,2.0,0.8888220014850243,0.9911862244897959,0.8864795918367347,0.8252761478337928,0.006411854714185084,0.9935,98.0,False,70,"[[3912, 8], [18, 62]]",3912,8,18,62
enn,data-level/undersampling,data-level,best_cost,test,4000,-0.10606060606060608,0.25,0.007222234219474071,0.5338345864661654,0.8875,0.6666666666666666,0.7657536004479779,0.9358418367346939,0.8287744531484098,0.9883958538705181,0.98225,0.9843979281708832,0.7836644591611479,2.0,0.8888220014850243,0.9911862244897959,0.9358418367346939,0.6806659601834212,0.006411854714185084,0.98225,98.0,False,133,"[[3858, 62], [9, 71]]",3858,62,9,71
enn,data-level/undersampling,data-level,min_precision,test,4000,-0.10606060606060608,0.25,0.007315034809228262,0.5338345864661654,0.8875,0.6666666666666666,0.7657536004479779,0.9358418367346939,0.8287744531484098,0.9883958538705181,0.98225,0.9843979281708832,0.7836644591611479,2.0,0.8888220014850243,0.9911862244897959,0.9358418367346939,0.6806659601834212,0.006411854714185084,0.98225,98.0,False,133,"[[3858, 62], [9, 71]]",3858,62,9,71
enn,data-level/undersampling,data-level,fixed_0.5,test,4000,0.0,0.0,0.5,0.9807692307692307,0.6375,0.7727272727272727,0.986711869690593,0.8186224489795918,0.8844571798308454,0.9924168030551009,0.9925,0.991717890650275,0.6854838709677419,2.0,0.8888220014850243,0.9911862244897959,0.8186224489795918,0.7875971758919726,0.006411854714185084,0.9925,98.0,False,52,"[[3919, 1], [29, 51]]",3919,1,29,51
smote_tomek,hybrid,data-level,best_f1,test,4000,0.010750823651812014,-0.04999999999999993,0.7416886486075663,0.8939393939393939,0.7375,0.8082191780821918,0.9443006578237895,0.8678571428571429,0.9023270578468,0.9926474711528092,0.993,0.9926706224208238,0.7642487046632125,2.0,0.8702886928077628,0.9894068877551021,0.8678571428571429,0.8085522136673878,0.00609245495366437,0.993,98.0,False,66,"[[3913, 7], [21, 59]]",3913,7,21,59
smote_tomek,hybrid,data-level,best_cost,test,4000,-0.11785670394494285,0.08750000000000002,0.08770989014894398,0.5555555555555556,0.875,0.6796116504854369,0.776487122124706,0.9303571428571429,0.8355717990687385,0.9885814260310904,0.9835,0.985293541708708,0.7847533632286996,2.0,0.8702886928077628,0.9894068877551021,0.9303571428571429,0.6898933480310776,0.00609245495366437,0.9835,98.0,False,126,"[[3864, 56], [10, 70]]",3864,56,10,70
smote_tomek,hybrid,data-level,min_precision,test,4000,-0.12439143135345665,0.08750000000000002,0.07957257151745377,0.546875,0.875,0.6730769230769231,0.7721461776859504,0.9301020408163265,0.8321750118464698,0.9884065082644627,0.983,0.9849091770652346,0.78125,2.0,0.8702886928077628,0.9894068877551021,0.9301020408163265,0.6842532467532467,0.00609245495366437,0.983,98.0,False,128,"[[3862, 58], [10, 70]]",3862,58,10,70
smote_tomek,hybrid,data-level,fixed_0.5,test,4000,0.0,0.0,0.5,0.8076923076923077,0.7875,0.7974683544303798,0.9016788922449299,0.8918367346938776,0.8966938813722927,0.9919060134154475,0.992,0.991950387236529,0.7914572864321608,2.0,0.8702886928077628,0.9894068877551021,0.8918367346938776,0.7934545873147555,0.00609245495366437,0.992,98.0,False,78,"[[3905, 15], [17, 63]]",3905,15,17,63
smote_enn,hybrid,data-level,best_f1,test,4000,0.011458503846783374,-0.0625,0.8038126512086492,0.855072463768116,0.7375,0.7919463087248322,0.9248651558219873,0.8674744897959183,0.8939988835688866,0.9918661401937037,0.99225,0.9919693554191789,0.7583547557840618,2.0,0.8636385186330033,0.9902136479591837,0.8674744897959183,0.7902584548557468,0.0070831552464065105,0.99225,98.0,False,69,"[[3910, 10], [21, 59]]",3910,10,21,59
smote_enn,hybrid,data-level,best_cost,test,4000,-0.14331966328512846,0.09999999999999998,0.09844958144958615,0.4931506849315068,0.9,0.6371681415929203,0.7455374597465008,0.940561224489796,0.8133100805726372,0.9878287635688948,0.9795,0.9824063419931653,0.7725321888412017,2.0,0.8636385186330033,0.9902136479591837,0.940561224489796,0.6577971843175747,0.0070831552464065105,0.9795,98.0,False,146,"[[3846, 74], [8, 72]]",3846,74,8,72
smote_enn,hybrid,data-level,min_precision,test,4000,-0.10087615439261188,0.07499999999999996,0.14045995757575125,0.5555555555555556,0.875,0.6796116504854369,0.776487122124706,0.9303571428571429,0.8355717990687385,0.9885814260310904,0.9835,0.985293541708708,0.7847533632286996,2.0,0.8636385186330033,0.9902136479591837,0.9303571428571429,0.6898933480310776,0.0070831552464065105,0.9835,98.0,False,126,"[[3864, 56], [10, 70]]",3864,56,10,70
smote_enn,hybrid,data-level,fixed_0.5,test,4000,0.0,0.0,0.5,0.7619047619047619,0.8,0.7804878048780488,0.8789094800330755,0.8974489795918368,0.8879468120868039,0.9912340094362565,0.991,0.9911074590072088,0.7920792079207921,2.0,0.8636385186330033,0.9902136479591837,0.8974489795918368,0.7761370657218204,0.0070831552464065105,0.991,98.0,False,84,"[[3900, 20], [16, 64]]",3900,20,16,64
cost_sensitive_scale_pos_weight,algorithm-level,algorithm-level,best_f1,test,4000,0.009502923976608235,0.04999999999999993,0.35911185066384277,0.875,0.7875,0.8289473684210527,0.935336048879837,0.8926020408163264,0.9128172112237781,0.9932586558044807,0.9935,0.9933322603143946,0.8035714285714286,2.0,0.8918787243439863,0.9875031887755102,0.8926020408163264,0.8268344966948104,0.005050052264652675,0.9935,98.0,False,72,"[[3911, 9], [17, 63]]",3911,9,17,63
cost_sensitive_scale_pos_weight,algorithm-level,algorithm-level,best_cost,test,4000,-0.06806322897483119,0.11249999999999993,0.05367005408269277,0.6732673267326733,0.85,0.7513812154696132,0.8350948072493836,0.9207908163265306,0.8728130019028588,0.9904491885454254,0.98875,0.9893875168787746,0.8076009501187649,2.0,0.8918787243439863,0.9875031887755102,0.9207908163265306,0.7510121636544898,0.005050052264652675,0.98875,98.0,False,101,"[[3887, 33], [12, 68]]",3887,33,12,68
cost_sensitive_scale_pos_weight,algorithm-level,algorithm-level,min_precision,test,4000,-0.1496770025839793,0.16249999999999998,0.019824291152537275,0.5333333333333333,0.9,0.6697674418604651,0.7656317378180251,0.9419642857142857,0.8303236695493719,0.9886382061233291,0.98225,0.9844576481307226,0.7912087912087912,2.0,0.8918787243439863,0.9875031887755102,0.9419642857142857,0.6852729128392215,0.005050052264652675,0.98225,98.0,False,135,"[[3857, 63], [8, 72]]",3857,63,8,72
cost_sensitive_scale_pos_weight,algorithm-level,algorithm-level,fixed_0.5,test,4000,0.0,0.0,0.5,0.921875,0.7375,0.8194444444444444,0.9582698170731707,0.8681122448979592,0.9080674360715093,0.9932088414634146,0.9935,0.9931455080334918,0.7682291666666666,2.0,0.8918787243439863,0.9875031887755102,0.8681122448979592,0.821449282991426,0.005050052264652675,0.9935,98.0,False,64,"[[3915, 5], [21, 59]]",3915,5,21,59
cost_sensitive_class_weight,algorithm-level,algorithm-level,best_f1,test,4000,-0.005307855626326963,0.0625,0.29122932089432135,0.8441558441558441,0.8125,0.8280254777070064,0.9201661198857223,0.9047193877551021,0.9122914587311011,0.9931359845864052,0.99325,0.993186800514232,0.818639798488665,2.0,0.8949767701781223,0.9919579081632653,0.9047193877551021,0.8247408678987268,0.0049849418925227785,0.99325,98.0,False,77,"[[3908, 12], [15, 65]]",3908,12,15,65
cost_sensitive_class_weight,algorithm-level,algorithm-level,best_cost,test,4000,-0.099290780141844,0.11250000000000004,0.052226785450142046,0.6388888888888888,0.8625,0.7340425531914894,0.8180312892543108,0.9262755102040816,0.8638210717826367,0.9900079936051158,0.9875,0.988408449630138,0.8060747663551402,2.0,0.8949767701781223,0.9919579081632653,0.9262755102040816,0.7363937807660876,0.0049849418925227785,0.9875,98.0,False,108,"[[3881, 39], [11, 69]]",3881,39,11,69
cost_sensitive_class_weight,algorithm-level,algorithm-level,min_precision,test,4000,-0.147887323943662,0.16249999999999998,0.027460518670470023,0.5488721804511278,0.9125,0.6854460093896714,0.7735309958371491,0.9485969387755102,0.8384209628301895,0.9892034586077295,0.98325,0.9852769181330868,0.8057395143487859,2.0,0.8949767701781223,0.9919579081632653,0.9485969387755102,0.7005859473119965,0.0049849418925227785,0.98325,98.0,False,133,"[[3860, 60], [7, 73]]",3860,60,7,73
cost_sensitive_class_weight,algorithm-level,algorithm-level,fixed_0.5,test,4000,0.0,0.0,0.5,0.9375,0.75,0.8333333333333334,0.9662093495934959,0.8744897959183673,0.9151391717583164,0.993770325203252,0.994,0.9936727766463,0.78125,2.0,0.8949767701781223,0.9919579081632653,0.8744897959183673,0.8356809060508755,0.0049849418925227785,0.994,98.0,False,64,"[[3916, 4], [20, 60]]",3916,4,20,60
focal_loss,algorithm-level,algorithm-level,best_f1,test,4000,0.041490659908007155,0.16249999999999998,0.30380651569819955,0.8227848101265823,0.8125,0.8176100628930818,0.909479627710575,0.9044642857142857,0.9069557775248472,0.9927066525912079,0.99275,0.9927276635713421,0.8145363408521303,2.0,0.891391506477512,0.9904591836734694,0.9044642857142857,0.8139284615652886,0.0073480832796093435,0.99275,98.0,False,79,"[[3906, 14], [15, 65]]",3906,14,15,65
focal_loss,algorithm-level,algorithm-level,best_cost,test,4000,0.0054897924172242485,0.19999999999999996,0.21477073948771105,0.723404255319149,0.85,0.7816091954022989,0.8601660293492827,0.9216836734693877,0.8883767929477633,0.991457332418211,0.9905,0.9908736865914091,0.821256038647343,2.0,0.891391506477512,0.9904591836734694,0.9216836734693877,0.7794257740539219,0.0073480832796093435,0.9905,98.0,False,94,"[[3894, 26], [12, 68]]",3894,26,12,68
focal_loss,algorithm-level,algorithm-level,min_precision,test,4000,-0.07709027677148239,0.25,0.15912348360335113,0.5714285714285714,0.9,0.6990291262135923,0.7846817611918283,0.9431122448979592,0.845537144579724,0.989404823364555,0.9845,0.9861848422112105,0.8071748878923767,2.0,0.891391506477512,0.9904591836734694,0.9431122448979592,0.7103406908891415,0.0073480832796093435,0.9845,98.0,False,126,"[[3866, 54], [8, 72]]",3866,54,8,72
focal_loss,algorithm-level,algorithm-level,fixed_0.5,test,4000,0.0,0.0,0.5,0.9629629629629629,0.65,0.7761194029850746,0.9779335848773254,0.8247448979591837,0.8861527602263284,0.9923053819151132,0.9925,0.991784783177932,0.6951871657754011,2.0,0.891391506477512,0.9904591836734694,0.8247448979591837,0.7879251062182341,0.0073480832796093435,0.9925,98.0,False,54,"[[3918, 2], [28, 52]]",3918,2,28,52
balanced_rf,ensemble,ensemble,best_f1,test,4000,0.31653846153846155,-0.32500000000000007,0.7454104280348806,0.86,0.5375,0.6615384615384615,0.9253164556962026,0.7678571428571428,0.8279738051021406,0.988020253164557,0.989,0.9877517349232725,0.581081081081081,2.0,0.6970231256516516,0.9673022959183674,0.7678571428571428,0.6750527405556143,0.09074046323337683,0.989,98.0,False,50,"[[3913, 7], [37, 43]]",3913,7,37,43
balanced_rf,ensemble,ensemble,best_cost,test,4000,0.20602040816326528,-0.1875,0.6249647102924488,0.46551724137931033,0.675,0.5510204081632653,0.7294115558080898,0.8295918367346939,0.769872069791525,0.982750097659718,0.978,0.9799696649546544,0.6192660550458715,2.0,0.6970231256516516,0.9673022959183674,0.8295918367346939,0.5499533654663895,0.09074046323337683,0.978,98.0,False,116,"[[3858, 62], [26, 54]]",3858,62,26,54
balanced_rf,ensemble,ensemble,min_precision,test,4000,0.23600558659217885,-0.21250000000000002,0.6423070453093951,0.5252525252525253,0.65,0.5810055865921788,0.7590374392476418,0.8190051020408163,0.7857080100202936,0.9834709566829536,0.98125,0.9822223365112837,0.6205250596658711,2.0,0.6970231256516516,0.9673022959183674,0.8190051020408163,0.5749235244433323,0.09074046323337683,0.98125,98.0,False,99,"[[3873, 47], [28, 52]]",3873,47,28,52
balanced_rf,ensemble,ensemble,fixed_0.5,test,4000,0.0,0.0,0.5,0.215625,0.8625,0.345,0.6063179347826086,0.8992346938775511,0.6552631578947368,0.981383152173913,0.9345,0.9531157894736842,0.5390625,2.0,0.6970231256516516,0.9673022959183674,0.8992346938775511,0.4120476096114536,0.09074046323337683,0.9345,98.0,False,320,"[[3669, 251], [11, 69]]",3669,251,11,69
easy_ensemble,ensemble,ensemble,best_f1,test,4000,0.26561764076214944,-0.45,0.5754569526240836,0.5636363636363636,0.3875,0.45925925925925926,0.7756077889157738,0.6906887755102041,0.7249888158979068,0.9791003571840075,0.98175,0.9800891902710085,0.41333333333333333,2.0,0.47569345349975306,0.9008609693877552,0.6906887755102041,0.45849890638658536,0.20412698493640363,0.98175,98.0,False,55,"[[3896, 24], [49, 31]]",3896,24,49,31
easy_ensemble,ensemble,ensemble,best_cost,test,4000,0.2372976080222272,-0.35000000000000003,0.553803253808844,0.38613861386138615,0.4875,0.430939226519337,0.6878115485311034,0.7358418367346938,0.7088830932443213,0.977417565814032,0.97425,0.9757092053003061,0.46318289786223277,2.0,0.47569345349975306,0.9008609693877552,0.7358418367346938,0.42092194319404413,0.20412698493640363,0.97425,98.0,False,101,"[[3858, 62], [41, 39]]",3858,62,41,39
easy_ensemble,ensemble,ensemble,min_precision,test,4000,0.25891312602843763,-0.45,0.5739308106999974,0.543859649122807,0.3875,0.45255474452554745,0.7657162815738305,0.6904336734693878,0.7215082001910453,0.9786986487268132,0.98125,0.9797035176299235,0.41114058355437666,2.0,0.47569345349975306,0.9008609693877552,0.6904336734693878,0.44989477703450054,0.20412698493640363,0.98125,98.0,False,57,"[[3894, 26], [49, 31]]",3894,26,49,31
easy_ensemble,ensemble,ensemble,fixed_0.5,test,4000,0.0,0.0,0.5,0.10947712418300654,0.8375,0.1936416184971098,0.5528200260820582,0.849234693877551,0.5586434693470771,0.9784292119051478,0.8605,0.9090452461630457,0.3594420600858369,2.0,0.47569345349975306,0.9008609693877552,0.849234693877551,0.2716364161107405,0.20412698493640363,0.8605,98.0,False,612,"[[3375, 545], [13, 67]]",3375,545,13,67
rusboost,ensemble,ensemble,best_f1,test,4000,0.019393939393939408,-0.21249999999999997,0.8807970779778823,0.15714285714285714,0.1375,0.14666666666666667,0.5697928026172301,0.5612244897959183,0.5651804670912951,0.965936750272628,0.968,0.9669537154989384,0.14102564102564102,2.0,0.07349610014282645,0.7226100127551021,0.5612244897959183,0.13073681549842261,0.07734075753802126,0.968,98.0,False,70,"[[3861, 59], [69, 11]]",3861,59,69,11
rusboost,ensemble,ensemble,best_cost,test,4000,0.06549835706462215,-0.04999999999999999,0.6492778158101304,0.14201183431952663,0.3,0.1927710843373494,0.5636971205009275,0.6315051020408163,0.5834194732743385,0.9685149952350723,0.94975,0.9584419266538481,0.24539877300613497,2.0,0.07349610014282645,0.7226100127551021,0.6315051020408163,0.1830464021081064,0.07734075753802126,0.94975,98.0,False,169,"[[3775, 145], [56, 24]]",3775,145,56,24
rusboost,ensemble,ensemble,min_precision,test,4000,-0.12727272727272726,-0.35,0.8807970779778825,0.0,0.0,0.0,0.49,0.5,0.494949494949495,0.9604,0.98,0.9701010101010101,0.0,2.0,0.07349610014282645,0.7226100127551021,0.5,0.0,0.07734075753802126,0.98,98.0,False,0,"[[3920, 0], [80, 0]]",3920,0,80,0
rusboost,ensemble,ensemble,fixed_0.5,test,4000,0.0,0.0,0.5,0.07777777777777778,0.35,0.12727272727272726,0.5317460317460317,0.6326530612244898,0.5382395382395382,0.9675555555555555,0.904,0.9327676767676767,0.20588235294117646,2.0,0.07349610014282645,0.7226100127551021,0.6326530612244898,0.12978764645128513,0.07734075753802126,0.904,98.0,False,360,"[[3588, 332], [52, 28]]",3588,332,52,28
