technique,group,kind,is_resampling,threshold,precision,recall,f1,macro_f1,weighted_f1,fbeta,pr_auc,roc_auc,mcc,tn,fp,fn,tp,delta_pr_auc,delta_f1,delta_macro_f1,delta_weighted_f1,delta_fbeta,delta_recall,delta_roc_auc,delta_mcc
baseline,baseline,baseline,False,0.0767710689543984,0.8873239436619719,0.7875,0.8344370860927153,0.9156259834846301,0.9935673249808682,0.8056265984654731,0.8890701573747469,0.9910809948979593,0.8328014259635849,3912,8,17,63,0.0,0.0,0.0,0.0,0.0,0.0,0.0,0.0
ros,data-level/oversampling,data-level,True,0.24077860308143467,0.8767123287671232,0.8,0.8366013071895425,0.9167076881302625,0.9936098138333539,0.8142493638676844,0.8909358005527956,0.9905261479591837,0.8343301935408325,3911,9,16,64,0.0018656431780487148,0.0021642210968272346,0.0010817046456323975,4.2488852485700335e-05,0.008622765402211297,0.012500000000000067,-0.0005548469387756105,0.001528767577247625
smote,data-level/oversampling,data-level,True,0.7416886486075663,0.8939393939393939,0.7375,0.8082191780821918,0.9023270578468,0.9926706224208238,0.7642487046632125,0.8702886928077628,0.9894068877551021,0.8085522136673878,3913,7,21,59,-0.018781464566984152,-0.026217908010523483,-0.013298925637830084,-0.0008967025600443712,-0.041377893802260646,-0.04999999999999993,-0.0016741071428572063,-0.02424921229619703
borderline_smote,data-level/oversampling,data-level,True,0.5949127910282738,0.8857142857142857,0.775,0.8266666666666667,0.9116772823779193,0.9932874734607219,0.7948717948717948,0.8734301201423542,0.9873341836734694,0.8252761478337928,3912,8,18,62,-0.01564003723239271,-0.007770419426048614,-0.00394870110671075,-0.00027985152014631254,-0.010754803593678308,-0.012499999999999956,-0.003746811224489943,-0.00752527812979209
adasyn,data-level/oversampling,data-level,True,0.7869762309018872,0.8571428571428571,0.675,0.7552447552447552,0.8753950643985008,0.9907393611860966,0.7049608355091384,0.869959931950455,0.9910650510204082,0.7564132150498686,3911,9,26,54,-0.01911022542429197,-0.07919233084796007,-0.0402309190861293,-0.0028279637947715708,-0.10066576295633478,-0.11249999999999993,-1.59438775511056e-05,-0.07638821091371628
rus,data-level/undersampling,data-level,True,0.9446951224003722,0.7246376811594203,0.625,0.6711409395973155,0.8324498482217886,0.9873064005012826,0.6426735218508998,0.7637322313367082,0.9835299744897958,0.6668234306679349,3901,19,30,50,-0.12533792603803873,-0.1632961464953998,-0.08317613526284151,-0.0062609244795855945,-0.16295307661457337,-0.16249999999999998,-0.007551020408163467,-0.16597799529564994
tomek,data-level/undersampling,data-level,True,0.07986419983068638,0.9,0.7875,0.84,0.9184713375796179,0.9938038216560509,0.8076923076923077,0.8956092699591067,0.9920758928571428,0.8388945661148784,3913,7,17,63,0.006539112584359796,0.0055629139072846945,0.002845354094987762,0.00023649667518266249,0.002065709226834578,0.0,0.000994897959183505,0.006093140151293586
enn,data-level/undersampling,data-level,True,0.10434282820850335,0.8857142857142857,0.775,0.8266666666666667,0.9116772823779193,0.9932874734607219,0.7948717948717948,0.8888220014850243,0.9911862244897959,0.8252761478337928,3912,8,18,62,-0.00024815588972260105,-0.007770419426048614,-0.00394870110671075,-0.00027985152014631254,-0.010754803593678308,-0.012499999999999956,0.00010522959183656422,-0.00752527812979209
smote_tomek,hybrid,data-level,True,0.7416886486075663,0.8939393939393939,0.7375,0.8082191780821918,0.9023270578468,0.9926706224208238,0.7642487046632125,0.8702886928077628,0.9894068877551021,0.8085522136673878,3913,7,21,59,-0.018781464566984152,-0.026217908010523483,-0.013298925637830084,-0.0008967025600443712,-0.041377893802260646,-0.04999999999999993,-0.0016741071428572063,-0.02424921229619703
smote_enn,hybrid,data-level,True,0.8038126512086492,0.855072463768116,0.7375,0.7919463087248322,0.8939988835688866,0.9919693554191789,0.7583547557840618,0.8636385186330033,0.9902136479591837,0.7902584548557468,3910,10,21,59,-0.02543163874174359,-0.04249077736788309,-0.02162709991574352,-0.0015979695616893386,-0.04727184268141138,-0.04999999999999993,-0.0008673469387756594,-0.04254297110783811
cost_sensitive_scale_pos_weight,algorithm-level,algorithm-level,False,0.35911185066384277,0.875,0.7875,0.8289473684210527,0.9128172112237781,0.9933322603143946,0.8035714285714286,0.8918787243439863,0.9875031887755102,0.8268344966948104,3911,9,17,63,0.0028085669692393678,-0.0054897176716626195,-0.002808772260851966,-0.00023506466647360558,-0.0020551698940445284,0.0,-0.0035778061224490676,-0.005966929268774512
cost_sensitive_class_weight,algorithm-level,algorithm-level,False,0.29122932089432135,0.8441558441558441,0.8125,0.8280254777070064,0.9122914587311011,0.993186800514232,0.818639798488665,0.8949767701781223,0.9919579081632653,0.8247408678987268,3908,12,15,65,0.005906612803375344,-0.006411608385708867,-0.0033345247535290223,-0.00038052446663616735,0.01301320002319184,0.025000000000000022,0.0008769132653060341,-0.008060558064858059
focal_loss,algorithm-level,algorithm-level,False,0.30380651569819955,0.8227848101265823,0.8125,0.8176100628930818,0.9069557775248472,0.9927276635713421,0.8145363408521303,0.891391506477512,0.9904591836734694,0.8139284615652886,3906,14,15,65,0.002321349102765047,-0.016827023199633473,-0.00867020595978285,-0.0008396614095260713,0.008909742386657205,0.025000000000000022,-0.0006218112244898988,-0.01887296439829622
balanced_rf,ensemble,ensemble,False,0.7454104280348806,0.86,0.5375,0.6615384615384615,0.8279738051021406,0.9877517349232725,0.581081081081081,0.6970231256516516,0.9673022959183674,0.6750527405556143,3913,7,37,43,-0.19204703172309534,-0.17289862455425375,-0.08765217838248951,-0.005815590057595688,-0.2245455173843921,-0.25,-0.02377869897959195,-0.1577486854079706
easy_ensemble,ensemble,ensemble,False,0.5754569526240836,0.5636363636363636,0.3875,0.45925925925925926,0.7249888158979068,0.9800891902710085,0.41333333333333333,0.47569345349975306,0.9008609693877552,0.45849890638658536,3896,24,49,31,-0.41337670387499387,-0.375177826833456,-0.19063716758672333,-0.013478134709859702,-0.3922932651321398,-0.39999999999999997,-0.09022002551020414,-0.3743025195769995
rusboost,ensemble,ensemble,False,0.8807970779778823,0.15714285714285714,0.1375,0.14666666666666667,0.5651804670912951,0.9669537154989384,0.14102564102564102,0.07349610014282645,0.7226100127551021,0.13073681549842261,3861,59,69,11,-0.8155740572319204,-0.6877704194260486,-0.350445516393335,-0.026613609481929812,-0.6646009574398322,-0.6499999999999999,-0.26847098214285725,-0.7020646104651622
