key,group,name,status,reason,is_resampling,n_train_after,fit_seconds_per_fold,resample_seconds_per_fold,total_seconds,pr_auc_mean,pr_auc_std,roc_auc_mean,roc_auc_std,f1_mean,f1_std,macro_f1_mean,macro_f1_std,balanced_accuracy_mean,balanced_accuracy_std,recall_mean,recall_std,fpr_mean,fpr_std,precision_mean,precision_std,mcc_mean,mcc_std
baseline,baseline,Baseline (không xử lý),ok,,False,,1.029,,6.56,0.961459,0.006818,0.995194,0.005595,0.865794,0.01031,0.931704,0.005242,0.885286,0.007649,0.770763,0.015304,0.000191,0.000156,0.987833,0.009939,0.870392,0.009778
ros,single-data,RandomOverSampler,ok,,True,18822.8,1.399,0.0044,8.84,0.95812,0.004906,0.994816,0.005078,0.898435,0.024889,0.948278,0.012648,0.918562,0.024097,0.837634,0.04839,0.00051,0.000325,0.971282,0.017817,0.899677,0.02311
smote,single-data,SMOTE,ok,,True,18822.8,1.449,0.0196,9.11,0.964543,0.008659,0.996047,0.005445,0.906425,0.007979,0.952304,0.004069,0.938949,0.011416,0.879109,0.023313,0.001211,0.000584,0.936838,0.027288,0.905414,0.00826
borderline_smote,single-data,Borderline-SMOTE,ok,,True,18822.8,1.451,0.0149,9.17,0.9603,0.005638,0.995663,0.005276,0.902528,0.010266,0.950324,0.005237,0.934193,0.010119,0.869534,0.020551,0.001147,0.000518,0.939118,0.025234,0.901583,0.010569
adasyn,single-data,ADASYN,ok,,True,18805.0,1.439,0.0145,9.05,0.960824,0.008931,0.996502,0.004422,0.901625,0.014448,0.949841,0.007378,0.943462,0.006803,0.888582,0.013863,0.001657,0.000681,0.915939,0.032313,0.900012,0.01502
rus,single-data,RandomUnderSampler,ok,,True,753.6,0.302,0.0029,2.04,0.918184,0.012968,0.994532,0.003506,0.707317,0.02519,0.849744,0.013029,0.961037,0.01026,0.936354,0.019959,0.01428,0.001554,0.568747,0.028648,0.723177,0.023547
tomek,single-data,Tomek Links (cleaning),ok,,True,12796.6,1.252,0.1888,8.85,0.960438,0.006694,0.995083,0.006015,0.879208,0.016094,0.938523,0.008176,0.894867,0.013429,0.789862,0.026905,0.000127,0.000156,0.992157,0.009606,0.88315,0.014623
enn,single-data,Edited Nearest Neighbours (cleaning),ok,,True,12768.6,1.231,0.1654,8.59,0.960841,0.006487,0.994649,0.007069,0.873339,0.010085,0.93554,0.00512,0.890105,0.01006,0.780338,0.020244,0.000127,0.000156,0.992157,0.009606,0.877756,0.008586
class_weight,single-algorithm,Class Weights (balanced),ok,,False,,1.118,,7.08,0.959065,0.002131,0.995659,0.004746,0.90375,0.010127,0.950951,0.00517,0.932644,0.010322,0.866308,0.02117,0.00102,0.000681,0.946219,0.034828,0.903207,0.010972
focal_loss,single-algorithm,Focal Loss (custom objective),ok,,False,,1.35,,8.54,0.95929,0.007748,0.995468,0.005282,0.881843,0.008754,0.939856,0.004458,0.898035,0.007217,0.796262,0.014524,0.000191,0.000255,0.988462,0.015385,0.885157,0.008658
balanced_rf,single-ensemble,Balanced Random Forest,ok,,False,,0.415,,2.7,0.901265,0.020395,0.994327,0.002282,0.570799,0.035063,0.778045,0.018569,0.96367,0.005875,0.955453,0.01177,0.028114,0.004088,0.407965,0.03614,0.613814,0.028281
easy_ensemble,single-ensemble,EasyEnsemble,ok,,False,,1.462,,9.07,0.740929,0.029821,0.976615,0.008451,0.345736,0.011601,0.654776,0.007232,0.926122,0.01303,0.920584,0.031644,0.06834,0.006021,0.213072,0.00999,0.424158,0.006003
balanced_bagging,single-ensemble,Balanced Bagging,ok,,False,,0.617,,3.94,0.89661,0.018777,0.993798,0.001176,0.651654,0.038219,0.820745,0.020041,0.955606,0.006634,0.929954,0.016112,0.018743,0.003912,0.503756,0.049275,0.675582,0.029992
smote_tomek,hybrid,HYBRID SMOTE + Tomek Links,ok,,True,18822.8,1.768,0.3856,13.11,0.964543,0.008659,0.996047,0.005445,0.906425,0.007979,0.952304,0.004069,0.938949,0.011416,0.879109,0.023313,0.001211,0.000584,0.936838,0.027288,0.905414,0.00826
smote_enn,hybrid,HYBRID SMOTE + ENN,ok,,True,18699.4,1.789,0.3935,13.42,0.964523,0.007719,0.995818,0.005601,0.916079,0.018394,0.957211,0.00939,0.949996,0.007599,0.901331,0.015244,0.001339,0.000738,0.93217,0.035184,0.914771,0.018949
smote_class_weight,hybrid,HYBRID SMOTE + Class Weights,ok,,True,18822.8,1.396,0.0083,9.0,0.965291,0.009308,0.99636,0.004847,0.915766,0.013549,0.957054,0.006903,0.949996,0.012507,0.901331,0.025209,0.001339,0.000468,0.931522,0.021541,0.914453,0.013651
rusboost,hybrid,HYBRID RUSBoost (undersampling + boosting),ok,,False,,0.204,,1.4,0.80833,0.032941,0.98707,0.003545,0.523309,0.031327,0.753209,0.016579,0.938074,0.012434,0.907578,0.02363,0.031429,0.003466,0.368182,0.029312,0.566173,0.028162
